prop_forest,prop_decid,prop_conifer,prop_shrub,prop_grass,prop_water,prop_dev_light,prop_dev_heavy,prop_open,checklist_id,height,open_area,fhd_normal,understory_ratio,biomass,prop_oak,prop_spruce,species,time_observations_started,duration_minutes,effort_radius_m,species_observed,lon,lat
0.7777777777777778,0.4166666666666667,0,0,0.19444444444444445,0,0,0,0.2222222222222222,G8594052,14.904133796691895,0.367070734500885,2.5454466342926025,0.7586482763290405,123.40046691894531,0.3899328474448446,0,gwwa,9.5,39,250,FALSE,-74.636433,41.817033
0,0,0,0,0,0.05714285714285714,0.05714285714285714,0.05714285714285714,0.11428571428571428,S24398787,6.081872177124024,0.5818899631500244,1.519571876525879,1,20.538473510742186,NA,NA,gwwa,9.48333333333333,50,804.5,FALSE,-75.8604277,41.2909423
0,0,0,0,0,0,0,0,0.20588235294117646,G5604348,5.54177188873291,0.5418296456336975,1.9589812755584717,0.9923396706581116,28.561086654663086,NA,NA,gwwa,9.61666666666667,8,250,FALSE,-77.2113982,40.7473616
0,0,0,0,0.14285714285714285,0,0,0,0.4,S92013262,9.559732818603516,0.4586035192012787,2.2931986331939695,0.924487292766571,51.25091705322266,0,0,gwwa,18.5166666666667,6,250,FALSE,-77.980177,40.196017
0.05714285714285714,0.05714285714285714,0,0,0.8857142857142857,0,0,0,0.9428571428571428,S92186061,11.640165328979492,0.48085644841194153,2.1778388023376465,0.9162835478782654,70.68683624267578,NA,NA,gwwa,9.91666666666667,71,804.5,FALSE,-81.9703245,40.0311716
0.08333333333333333,0.027777777777777776,0,0,0.5833333333333334,0,0,0,0.7222222222222222,S90886837,8.471104939778646,0.391630619764328,2.1736319859822593,0.9850867986679077,42.75290044148763,0.280944200232625,0,gwwa,16.25,30,402.5,FALSE,-80.8657641,40.6224394
1,0.7142857142857143,0,0,0,0,0,0,0,S14793401,15.01748530069987,0.09369938572247823,2.642784674962362,0.9806737105051676,85.8003667195638,0.08807949425120438,0,gwwa,10.3,1,250,FALSE,-76.42963,41.48099
0.25,0.125,0,0,0.71875,0,0,0,0.75,S38104623,5.833797454833984,0.6320399840672811,1.8372732400894165,0.9672884742418925,32.033074696858726,0.13128870725631714,0,gwwa,7.5,75,250,FALSE,-75.8251101,41.7044309
0.7142857142857143,0.2571428571428571,0.3142857142857143,0,0.08571428571428572,0.17142857142857143,0.17142857142857143,0.17142857142857143,0.11428571428571428,S19224101,21.270029067993164,0.07428858801722527,2.7591371536254883,0.8109624187151591,136.60003662109375,0.275171083442512,0.020820969627017065,gwwa,13.25,105,250,FALSE,-75.2642602,41.8669442
0.14285714285714285,0.14285714285714285,0,0,0.34285714285714286,0,0,0,0.6857142857142857,S113633517,8.695451736450195,0.3552728295326233,1.944177269935608,0.9779039621353149,33.91802215576172,0.4543158217954139,0,gwwa,18.8666666666667,11,250,FALSE,-76.9387734,40.7528514
0.5714285714285714,0.5142857142857142,0,0,0,0,0,0,0.2857142857142857,S46824619,12.010902404785156,0.16157835721969604,2.4243111610412598,0.9370831251144409,55.55595779418945,0.3718010752715848,0,gwwa,15.633333333333301,34,402.5,FALSE,-80.566628,37.1346612
0,0,0,0,0,0,0,0,0.3611111111111111,S114605070,9.310970624287924,0.4368336498737335,1.9102375507354736,0.9810272256533304,37.13926569620768,NA,NA,gwwa,16.0666666666667,90,603.5,FALSE,-78.6709024,41.9450197
0.2,0,0,0,0,0,0,0,0.2,S38217774,9.200408458709717,0.48580990235010785,1.7015658617019653,0.9465862115224203,45.30909983317057,0.25441935492886436,0.03550694386164347,gwwa,11.2333333333333,1,250,FALSE,-79.1935408,40.6246289
0.5,0.5,0,0,0.1111111111111111,0,0,0,0.2777777777777778,S47249230,13.236575444539389,0.21907193462053934,2.3002351919809976,0.9590189258257548,66.10966491699219,0.46498773685273004,0,gwwa,17.1666666666667,11,1456.5,FALSE,-74.208498,42.421802
0,0,0,0,0.4444444444444444,0.3333333333333333,0.3333333333333333,0.3333333333333333,0.5277777777777778,G1820342,8.31834373474121,0.5443308711051941,1.843522572517395,0.9769484639167786,40.51582412719726,NA,NA,gwwa,11,20,250,FALSE,-78.6520672,39.7016398
0,0,0,0,0.7777777777777778,0,0,0,0.9722222222222222,S70955908,9.315501848856607,0.2604498912890752,2.161146561304728,0.9503187338511149,69.99614969889323,0.28294822573661804,0,gwwa,12.1833333333333,9,250,FALSE,-85.118667,34.635676
0.7352941176470589,0.7352941176470589,0,0,0,0,0,0,0.2647058823529412,G8586419,23.5453742980957,0.021330746822059155,3.0065236568450926,0.7344397664070129,178.41109924316407,0.5254791394588264,0,gwwa,12.4833333333333,14,250,FALSE,-76.82848,41.477016
0,0,0,0,0.8055555555555556,0,0,0,0.8888888888888888,S24126656,5.070167064666748,0.6860796411832174,1.7776730060577393,0.9746749003728231,25.208056767781574,NA,NA,gwwa,16,60,804.5,FALSE,-74.2794496,41.3284361
0.42857142857142855,0.2571428571428571,0,0.2571428571428571,0.3142857142857143,0,0,0,0.5714285714285714,S47102224,19.895683670043944,0.0036544504342600702,2.8833709239959715,0.8476698994636536,167.6637222290039,0.4553012586001194,0,gwwa,9.08333333333333,105,1046,FALSE,-82.7770472,35.064814
0.22857142857142856,0.22857142857142856,0,0,0.2,0,0,0,0.2571428571428571,S58168643,6.107158819834392,0.39730308453241986,1.7258363564809163,1,20.02920913696289,0.30160184840982157,0,gwwa,10.8666666666667,20,250,FALSE,-74.008835,41.554507
0.75,0.3333333333333333,0,0,0,0,0,0,0.1111111111111111,S50735963,19.00676155090332,0.06926438212394714,2.8289833068847656,0.8528684973716736,113.24021911621094,0.4508910172920547,0,gwwa,10.5,3,250,FALSE,-80.764452,37.503375
0,0,0,0,0.5277777777777778,0.05555555555555555,0.05555555555555555,0.05555555555555555,0.7222222222222222,S114463056,12.537766774495443,0.3036150236924489,2.5040186246236167,0.9031968911488851,109.70146942138672,0,0,gwwa,9.36666666666667,71,292.5,FALSE,-82.471,38.489016
0,0,0,0,0.6944444444444444,0,0,0,0.75,S24107690,3.478271802266439,0.8593396544456482,1.4222851594289143,0.9978632926940918,14.288535753885904,NA,NA,gwwa,17.9166666666667,15,250,FALSE,-78.6902618,38.6318909
0,0,0,0,0,0,0,0,0.08108108108108109,S38002084,4.257762908935547,0.655807375907898,2.060258388519287,0.8311511278152466,114.6221694946289,NA,NA,gwwa,10.5,15,250,FALSE,-85.7877225,33.6008595
0,0,0,0,0,0,0,0,0,S24089854,8.951597595214844,0.31785906553268434,2.0976718425750733,0.9837010025978088,36.15441207885742,NA,NA,gwwa,6.41666666666667,75,250,FALSE,-78.9725067,38.3795089
0.2972972972972973,0.16216216216216217,0,0,0,0,0,0,0.5405405405405406,S46935260,11.481985092163086,0.2984491288661957,2.188082695007324,0.9778567552566528,60.29341125488281,0.38247249126434324,0,gwwa,6.01666666666667,16,250,FALSE,-79.094393,39.691605
0,0,0,0,0,0,0,0,0.1388888888888889,S38321718,6.311435699462891,0.47715749343236286,2.081808845202128,0.9781528313954672,26.35125160217285,NA,NA,gwwa,19.0166666666667,6,250,FALSE,-80.4154265,37.2350778
0.96875,0.96875,0,0,0,0,0,0,0.03125,S46938320,16.496440887451172,0.18747430791457495,2.7059179147084556,0.7627072731653849,133.11377461751303,0.6016397839412093,0,gwwa,6.75,120,250,FALSE,-84.40589,34.91155
0.5,0.5,0,0,0.1111111111111111,0,0,0,0.4166666666666667,S24214708,8.481139183044434,0.3184279799461365,2.215111255645752,0.9708206057548523,49.36865997314453,0.3349839167462455,0,gwwa,13.2666666666667,22,740.5,FALSE,-75.975758,42.402675
0.027777777777777776,0.027777777777777776,0,0.2777777777777778,0.6944444444444444,0,0,0,0.9722222222222222,S57909299,7.969290733337402,0.4330085635185242,2.12432656288147,0.9925042986869812,42.68311614990235,NA,NA,gwwa,6.08333333333333,50,643.5,FALSE,-76.049524,41.169717
1,0.14285714285714285,0.6,0,0,0,0,0,0,S30458800,22.004790623982746,0.05741571386655172,3.0403643449147544,0.6796189149220785,189.21693420410156,0.5698994307629098,0,gwwa,6.25,105,1207,FALSE,-80.3962755,36.6407382
0.19444444444444445,0.19444444444444445,0,0,0.3333333333333333,0,0,0,0.5555555555555556,G8651860,15.226375579833984,0.19258853793144226,2.6303677558898926,0.8717042803764343,80.94483184814453,0.20119781295458475,0,gwwa,7.7,3,250,FALSE,-82.1840957,35.76972
0.42857142857142855,0.37142857142857144,0,0.02857142857142857,0,0,0,0,0.42857142857142855,S113150136,17.33088912963867,0.014473085571080447,2.898611831665039,0.882772433757782,103.71625061035157,0.20655598817393184,0,gwwa,14.05,75,350,FALSE,-80.523262,37.3749569
0,0,0,0,0.3611111111111111,0.4166666666666667,0.4166666666666667,0.4166666666666667,0.4166666666666667,S70675049,21.007936859130858,0.05851112678647041,2.3371510744094848,0.8112325429916382,281.0007293701172,NA,NA,gwwa,13.5,2,250,FALSE,-77.0319942,42.1360014
0.9714285714285714,0.9714285714285714,0,0,0,0,0,0,0,S24236933,19.890881220499676,0.14069736500581106,2.423532485961914,0.822972575823466,130.8713607788086,0.52243099127497,0,gwwa,11.3166666666667,76,643.5,FALSE,-74.5518721,40.7445813
0.4722222222222222,0.3611111111111111,0,0,0.3611111111111111,0,0,0,0.5,S91244159,18.163716997419083,0.0952914644564901,2.757838249206543,0.8261169195175171,124.24346269880023,0.6485611672202746,0,gwwa,14.8666666666667,30,314,FALSE,-81.752567,35.642834
1,1,0,0,0,0,0,0,0,S92435691,18.07532157897949,0.03295038528740406,2.828352117538452,0.86465083360672,123.8868621826172,0.595700171750945,0,gwwa,17.15,71,1183,FALSE,-78.5487168,38.3385489
0.08108108108108109,0,0,0,0.08108108108108109,0,0,0,0.8108108108108109,S92182213,4.450941721598308,0.8423819343249003,1.5353525876998901,0.9482546448707581,20.98176034291585,NA,NA,gwwa,13.0166666666667,16,250,FALSE,-76.7437184,41.0945089
0.25,0.25,0,0,0.4444444444444444,0,0,0,0.6944444444444444,S70651833,5.91606330871582,0.488280326128006,1.9652236700057983,0.9954755902290344,27.113563537597656,0.36407120029131573,0,gwwa,20.0333333333333,41,724,FALSE,-83.8334601,35.771098
0,0,0,0,0,0,0,0,0.15625,S58449722,8.373545328776041,0.37707706292470294,2.0557149251302085,0.9572399457295736,37.418846130371094,NA,NA,gwwa,18.9833333333333,5,250,FALSE,-84.0117967,35.9261974
0.17142857142857143,0.17142857142857143,0,0,0.34285714285714286,0,0,0,0.8,S30379878,6.885019016265869,0.5918160080909729,1.8692313194274903,0.9475950479507447,40.77970199584961,NA,NA,gwwa,6.16666666666667,80,1207,FALSE,-78.1491154,42.4248018
0.25,0.25,0,0,0.027777777777777776,0.7222222222222222,0.7222222222222222,0.7222222222222222,0.027777777777777776,S38218502,15.633231163024902,0.17816845774650575,2.538620853424072,0.873207688331604,106.43357391357422,0.34812384843826294,0,gwwa,11.6666666666667,33,402.5,FALSE,-82.5136566,39.1459949
0.75,0.75,0,0,0,0,0,0,0.25,S14450348,20.453819274902344,0.02312032940487067,3.002168655395508,0.6583903630574545,106.24696350097656,0.35558194226274886,0,gwwa,15.5,60,250,FALSE,-79.4618669,39.4815205
0.3125,0.3125,0,0,0,0,0,0,0.28125,S71244808,18.663497924804688,0.03667468577623367,2.7310850620269775,0.7688228487968445,151.16632080078125,0.3599581596526233,0,gwwa,22.6333333333333,5,250,FALSE,-86.7653283,33.2368937
0.7777777777777778,0.2777777777777778,0,0,0,0,0,0,0.19444444444444445,S18835501,22.466367721557617,0.045389898121356964,2.9669928550720215,0.703079342842102,144.84388732910156,0.5872622022162313,0,gwwa,10.2166666666667,50,250,FALSE,-80.4062963,36.7650513
0,0,0,0,0.9444444444444444,0,0,0,1,S70737530,4.466830730438232,0.7552956740061442,1.5206085443496704,0.9978285034497579,18.58135223388672,0.6604107618331909,0,gwwa,8.96666666666667,63,250,FALSE,-79.1788142,40.2772396
0,0,0,0,0,0,0,0,0.4166666666666667,S30758606,3.112219969431559,0.8291829029719034,1.6149436235427856,0.934257706006368,43.832359313964844,NA,NA,gwwa,7.15,35,250,FALSE,-77.146309,40.181405
0.7222222222222222,0.16666666666666666,0,0,0,0,0,0,0.2777777777777778,S113068376,23.834701538085938,0,3.0577269395192466,0.6820700963338217,177.01733907063803,0.7260207078523107,0,gwwa,14.4,47,250,FALSE,-83.9226508,34.7421944
0,0,0,0,0.02857142857142857,0.9714285714285714,0.9714285714285714,0.9714285714285714,0.02857142857142857,S38397087,4.768074035644531,0.6631283164024353,1.5192605257034302,0.9970128536224365,19.89017105102539,NA,NA,gwwa,7.75,135,1287.5,FALSE,-82.189464,39.2507952
0.5,0.2222222222222222,0,0,0,0,0,0,0.19444444444444445,S82505382,6.19172477722168,0.54554549853007,1.8737772703170776,0.9922100504239401,23.50979487101237,0.32996775675565004,0,gwwa,15,35,250,FALSE,-79.9661511,39.8844476
0.4,0.4,0,0,0.45714285714285713,0,0,0,0.45714285714285713,S115187169,5.892678546905517,0.5188867807388305,1.752639150619507,0.9818743467330933,22.060778045654295,0.6555531358886086,0,gwwa,13.0333333333333,17,250,FALSE,-81.9698632,36.7075346
0.05555555555555555,0.05555555555555555,0,0.05555555555555555,0.08333333333333333,0.3055555555555556,0.3055555555555556,0.3055555555555556,0.1388888888888889,S90246992,10.984968185424805,0.5089064836502075,1.9788639545440674,0.9511431455612183,50.34678268432617,0.48179641521225375,0,gwwa,16.85,37,617,FALSE,-86.3181129,34.3527591
0.16216216216216217,0.16216216216216217,0,0,0,0,0,0,0.8108108108108109,S71923269,6.0081610679626465,0.6605687499046325,1.6164626359939576,1,18.330225563049318,0.4451356172561646,0,gwwa,9.58333333333333,9,250,FALSE,-75.381347,40.790657
0.08333333333333333,0.08333333333333333,0,0,0,0,0,0,0.4722222222222222,S71538411,20.834184010823567,0.02893034741282463,2.776392857233683,0.9139148592948914,119.67559814453125,0.5055098973214627,0,gwwa,6.73333333333333,60,250,FALSE,-83.668069,35.778447
0.21875,0,0,0,0.53125,0,0,0,0.65625,S115776527,5.391130447387695,0.643506646156311,1.8982144991556804,0.9786057869593302,25.55628840128581,0.13174988248065347,0,gwwa,6.75,180,250,FALSE,-83.3767462,36.6489935
0.7142857142857143,0.5714285714285714,0,0,0.14285714285714285,0,0,0,0.22857142857142856,S37605172,7.9311747550964355,0.4061282277107239,2.139953851699829,0.9416505495707194,44.74675750732422,0.09139878240724404,0,gwwa,12.7333333333333,60,250,FALSE,-77.8345406,42.1652802
0.5428571428571428,0.4,0,0,0.05714285714285714,0.08571428571428572,0.08571428571428572,0.08571428571428572,0.34285714285714286,S113197433,12.414250373840332,0.31607282161712646,2.139259099960327,0.963503360748291,56.026519775390625,0.3595655933022499,0,gwwa,10.4166666666667,17,250,FALSE,-80.094856,40.207021
1,1,0,0,0,0,0,0,0,S37782101,21.380144119262695,0,3.0417325496673584,0.7601709961891174,206.78494262695313,0.5253389983489696,0,gwwa,16.2333333333333,120,1287.5,FALSE,-78.8995,37.9604
0.05714285714285714,0.05714285714285714,0,0,0.5142857142857142,0,0,0,0.6571428571428571,S114496415,10.525384744008383,0.4128671884536743,2.28275203704834,0.9258251587549845,66.49270375569661,0,0,gwwa,19,67,250,FALSE,-75.185002,42.2148603
0.05405405405405406,0.05405405405405406,0,0,0.7027027027027027,0,0,0,0.9459459459459459,S116051436,17.458233642578126,0.07472634315490723,2.6343998432159426,0.8761924147605896,114.86626281738282,0.7393833935260773,0,gwwa,17.4333333333333,144,1022,FALSE,-80.3389578,40.643858
0,0,0,0,0.25,0.75,0.75,0.75,0.25,S57506598,8.527262687683105,0.553966760635376,2.2489683628082275,0.9260240793228149,60.97589874267578,NA,NA,gwwa,13.4166666666667,50,483,FALSE,-75.6146586,42.3756085
0.75,0.75,0,0,0.25,0,0,0,0.25,S114238295,25.464954376220703,0.0042356038466095924,3.1659634113311768,0.6132778525352478,236.87063598632813,0.4249287497368641,0.0014595293905586004,gwwa,11.55,23,250,FALSE,-75.716086,40.326969
1,1,0,0,0,0,0,0,0,S115169208,21.010961532592773,0.0010633874917402864,3.0053670406341553,0.7347970008850098,229.4343719482422,0.5717035158951249,0,gwwa,8.78333333333333,51,483,FALSE,-74.6225811,41.0403283
0.5625,0,0,0,0,0,0,0,0.4375,S24157014,6.516273498535156,0.47239333391189575,1.6615279912948608,0.9926572442054749,21.521188735961914,0,0,gwwa,10.8333333333333,60,804.5,FALSE,-74.3286896,41.3953547
0.9714285714285714,0,0,0,0,0,0,0,0.02857142857142857,G6949727,21.413406372070313,0,3.0693037509918213,0.7189012169837952,161.87403869628906,0.5113114374024528,0,gwwa,11.5833333333333,60,603.5,FALSE,-77.6022209,41.1610052
0,0,0,0,1,0,0,0,1,S90746753,4.106768941879272,0.7552338600158691,1.5968520641326904,0.9948743224143982,18.21828422546387,NA,NA,gwwa,8.7,25,1456.5,FALSE,-81.0304883,40.1722683
0.5675675675675675,0.5675675675675675,0,0.13513513513513514,0,0,0,0,0.40540540540540543,S37902327,19.42549247741699,0.029776043817400934,2.867462491989136,0.7988016724586486,120.09747467041015,0.47419447280667926,0,gwwa,9.5,60,804.5,FALSE,-80.450711,36.7870176
0.1388888888888889,0.1388888888888889,0,0,0.3611111111111111,0,0,0,0.5277777777777778,S47528986,7.172589619954427,0.49990426500638324,1.6124006907145183,0.9943596919377645,27.00793202718099,0.18128026028474173,0,gwwa,17.6166666666667,20,804.5,FALSE,-74.4642813,41.344181
0.9722222222222222,0.9444444444444444,0,0,0,0,0,0,0.027777777777777776,S57900217,26.284296417236327,0.0677512064576149,3.065554904937744,0.5107593417167664,200.20892639160155,0.31189178942483575,0,gwwa,7,120,250,FALSE,-83.2173157,39.1573528
1,0.2972972972972973,0,0,0,0,0,0,0,S90644453,23.52311406816755,2.7850626169570854e-4,3.039472614015852,0.743457955973489,181.5789293561663,0.6496590077877045,0,gwwa,11.6166666666667,12,404,FALSE,-83.445052,35.034597
0,0,0,0,0.03125,0,0,0,0.34375,S92396489,11.649040857950846,0.31246405839920044,2.278542677561442,0.9729518890380859,48.20651626586914,NA,NA,gwwa,20.1333333333333,15,250,FALSE,-84.852033,35.226025
0,0,0,0,0.6944444444444444,0,0,0,0.9444444444444444,G8589805,14.633402506510416,0.24272634088993073,2.5141495863596597,0.883794883886973,92.8932596842448,0.9345584313074747,0,gwwa,11.9,15,250,FALSE,-79.0867487,39.0002739
0.75,0.15625,0,0,0,0,0,0,0.25,S92463904,19.97766176859538,0.09464425096909206,2.898578325907389,0.8228669365247091,146.13885498046875,0.4874667771733724,0,gwwa,12.9166666666667,28,676,FALSE,-78.6462682,38.9378915
0,0,0,0,0,0,0,0,0.25,S24134891,13.208738962809244,0.21259534607330957,2.3629544576009116,0.9870492418607076,60.303812662760414,NA,NA,gwwa,13.9666666666667,2,250,FALSE,-83.890942,35.951262
0.08823529411764706,0,0,0.029411764705882353,0.7941176470588235,0.029411764705882353,0.029411764705882353,0.029411764705882353,0.8823529411764706,S24147437,9.321215311686197,0.45450451970100403,1.943322738011678,0.944633404413859,41.65618387858073,0.12611702958057666,0,gwwa,10.3166666666667,120,804.5,FALSE,-79.0713501,41.4496747
0,0,0,0,0.3235294117647059,0,0,0,0.7647058823529411,G647850,6.500210444132487,0.6559744874636332,1.8652465343475342,0.9651670058568319,33.837782541910805,NA,NA,gwwa,8,10,250,FALSE,-78.1405149,40.5857025
0.5405405405405406,0.5405405405405406,0,0,0.02702702702702703,0,0,0,0.40540540540540543,S24161470,13.987068176269531,0.3554545044898987,2.329711437225342,0.8825796246528625,95.14965057373047,0.15029680480559668,0,gwwa,9.41666666666667,18,250,FALSE,-80.4697386,40.3577295
0,0,0,0,0.4722222222222222,0.5277777777777778,0.5277777777777778,0.5277777777777778,0.4722222222222222,G3315253,10.393178939819336,0.41606128215789795,2.0157346725463867,0.9611548781394958,46.09555435180664,0.431296706199646,0,gwwa,19.85,19,250,FALSE,-81.1044612,36.5684139
0,0,0,0,0.03125,0,0,0,1,S90818785,3.5296181042989097,0.796586255232493,1.552829106648763,0.9930505752563477,16.869855244954426,NA,NA,gwwa,9.28333333333333,104,1287.5,FALSE,-76.7556145,41.2345057
0.6756756756756757,0.24324324324324326,0.16216216216216217,0,0.2702702702702703,0,0,0,0.32432432432432434,S114621427,19.111981709798176,0.09490217889348666,2.718950033187866,0.8279610077540079,121.38535563151042,0.301185527268578,0,gwwa,16,180,250,FALSE,-78.032892,41.564184
0,0,0,0,0.08571428571428572,0,0,0,0.22857142857142856,S24247428,4.912627553939819,0.6486124038696289,1.6563174247741699,0.9964964509010314,30.582725715637206,NA,NA,gwwa,9.55,16,250,FALSE,-78.7463093,39.5849208
0.5714285714285714,0.14285714285714285,0.2857142857142857,0,0,0,0,0,0,S30357419,15.140065511067709,0.22882557908693948,2.5985498428344727,0.8046584924062093,113.84944025675456,0.4558570496737957,0,gwwa,17.4166666666667,20,250,FALSE,-85.7633972,33.7837131
0.08333333333333333,0.05555555555555555,0,0,0.4722222222222222,0,0,0,0.6944444444444444,S114042479,6.374602317810059,0.5882037878036499,1.9515318870544434,0.9961651563644409,33.24272918701172,0.25444748004277545,0,gwwa,14.3666666666667,6,630,FALSE,-82.17039,39.717275
0.7714285714285715,0.37142857142857144,0,0,0,0,0,0,0.22857142857142856,S57940348,14.047051429748535,0.14288512170314788,2.578778696060181,0.9516461849212646,79.26560974121094,0.4591406817947115,0,gwwa,12.4166666666667,73,563.5,FALSE,-78.6270332,38.9160267
0.1891891891891892,0.1891891891891892,0,0,0.08108108108108109,0,0,0,0.21621621621621623,S47240575,11.416024208068848,0.25224989652633667,2.39188289642334,0.9452223777770996,64.62300109863281,0.24518835544586182,0,gwwa,10.8333333333333,20,804.5,FALSE,-78.652911,40.636746
0,0,0,0,0.3611111111111111,0,0,0,0.5555555555555556,S38281769,4.443021694819133,0.6935997605323792,1.4793014129002888,0.9975747863451639,14.27215830485026,0.170563287459887,0,gwwa,12.1666666666667,18,250,FALSE,-77.2413491,40.1892172
0.2972972972972973,0,0,0,0.40540540540540543,0,0,0,0.6216216216216216,S24095481,5.516467094421387,0.6044196983178457,2.213953971862793,0.8975303371747335,133.66279093424478,0.35509520173072817,0,gwwa,11.1666666666667,18,250,FALSE,-74.2367488,41.4391152
0.8,0.6285714285714286,0,0,0,0,0,0,0.2,S57849862,21.210086822509766,0.03171594813466072,2.8267743587493896,0.5620622634887695,148.39749145507813,0.6127488008567266,0,gwwa,16.8666666666667,33,960,FALSE,-74.8343916,41.52172
0.2571428571428571,0.02857142857142857,0.02857142857142857,0,0,0.6285714285714286,0.6285714285714286,0.6285714285714286,0.08571428571428572,S70612464,19.991016387939453,0.07188014686107635,2.870878219604492,0.6909276247024536,148.85641479492188,0.31634307488178215,0,gwwa,18.4166666666667,3,250,FALSE,-85.83201,32.726524
0,0,0,0,0,0,0,0,0,S14650387,6.8498969078063965,0.44687795639038086,2.0114171504974365,0.9959367911020914,28.649693806966145,NA,NA,gwwa,15.55,14,250,FALSE,-80.736699,36.766213
0.42857142857142855,0,0,0,0.02857142857142857,0,0,0,0.05714285714285714,S47041453,9.156830787658691,0.4891209304332733,2.262805461883545,0.834040641784668,68.90142822265625,0.5923521977204543,0,gwwa,9.13333333333333,1,250,FALSE,-80.647128,37.89989
0.5833333333333334,0.4722222222222222,0.027777777777777776,0,0.05555555555555555,0,0,0,0.25,S115370735,17.567728678385418,0.23163570960362753,2.6367716789245605,0.7065345644950867,174.4579620361328,0.49027822639506596,0,gwwa,7.56666666666667,89,654.5,FALSE,-79.190724,39.798775
0.6486486486486487,0.05405405405405406,0,0,0,0,0,0,0.32432432432432434,S37827763,18.028539657592773,0.24326947331428528,2.7516188621520996,0.7756540576616923,126.23106384277344,0.28020558261778206,0,gwwa,8.23333333333333,3,250,FALSE,-79.110005,41.226259
0.7714285714285715,0.7142857142857143,0,0,0,0,0,0,0.22857142857142856,G6979540,11.335577964782715,0.2713035404682159,2.2486640930175783,0.87332125902175906,73.31276092529296,0.2297700253026239,0.007538626933919972,gwwa,10.9833333333333,5,724,FALSE,-78.0765724,39.7267844
1,0.02702702702702703,0.43243243243243246,0,0,0,0,0,0,S37964325,22.376514434814453,0.013583010993897915,2.9925920486450197,0.6553375124931335,142.2948013305664,0.0868254920115342,0.03186930296942592,gwwa,8,90,804.5,FALSE,-78.2618504,42.3215121
0.6388888888888888,0.4444444444444444,0,0,0,0,0,0,0.3611111111111111,S58085090,12.887042999267578,0.22735825479030608,2.534162664413452,0.88294358253479,96.07625961303711,0.3353046952850289,0,gwwa,12.65,3,250,FALSE,-78.4139445,38.7497391
0.9166666666666666,0.6944444444444444,0,0,0,0,0,0,0.08333333333333333,S23979679,12.282198905944824,0.31401169300079346,2.541259765625,0.919279158115387,74.8448486328125,0.1586948474869132,0,gwwa,5.41666666666667,172,1207,FALSE,-77.425563,42.39268
0.7058823529411765,0.5,0,0,0,0,0,0,0.29411764705882354,S114875988,21.646127700805664,0.003792302682995796,2.9482390880584717,0.817903459072113,162.13973999023438,0.04511795827636012,0.003227750184359374,gwwa,13.4833333333333,60,250,FALSE,-74.082173,42.188091
0.7647058823529411,0.7647058823529411,0,0,0,0,0,0,0.23529411764705882,S70771039,17.9962641398112,0.060019657015800476,2.790292580922445,0.9285552302996317,108.00521087646484,0.20487348472150707,0,gwwa,8.91666666666667,19,250,FALSE,-75.46332,41.279648
0,0,0,0,0.3055555555555556,0,0,0,0.3888888888888889,S92332459,2.92144513130188,0.8164992332458496,1.619226098060608,0.9816563129425049,41.17161560058594,NA,NA,gwwa,12.8666666666667,15,253.5,FALSE,-83.024336,38.950209
0.2647058823529412,0.058823529411764705,0,0.058823529411764705,0.6470588235294118,0,0,0,0.7352941176470589,S15007809,13.733314832051596,0.18762247761090597,2.4707648754119873,0.9131688872973124,80.71605428059895,0.2739276815205812,0,gwwa,11,180,804.5,FALSE,-81.5958828,36.2156562
1,1,0,0,0,0,0,0,0,S90856789,12.778942108154297,0.26314347982406616,2.250680923461914,0.9009921550750732,175.16915893554688,0.006044861674308777,0,gwwa,7.61666666666667,30,402.5,FALSE,-77.960856,42.036706
0,0,0,0,0.8378378378378378,0,0,0,0.972972972972973,S14449696,6.247995535532634,0.6212335228919983,1.9872506459554036,0.9747419754664103,43.426194508870445,NA,NA,gwwa,10.5,120,1207,FALSE,-74.7613406,42.7989107
0,0,0,0,0.2571428571428571,0,0,0,0.8,G4312703,4.183441877365112,0.792158305644989,1.560817575454712,0.9726410388946534,25.282376098632813,NA,NA,gwwa,9.75,5,250,FALSE,-77.9462492,40.7343564
1,0.9142857142857143,0,0,0,0,0,0,0,S30664489,20.681992212931316,0.10581139971812566,2.8611496289571128,0.6186886429786682,228.48634338378906,0.22077848826135907,0,gwwa,18.1,134,690,FALSE,-79.7572231,39.6762771
0,0,0,0,0,0,0,0,0.32432432432432434,G8614095,8.109895706176758,0.44585326313972473,2.2455427646636963,0.8861467838287354,35.18635559082031,NA,NA,gwwa,6.73333333333333,60,250,FALSE,-79.9449831,40.8643298
0.5,0.40625,0,0,0,0,0,0,0.5,S24161836,17.026288986206055,0.1021965816617012,2.832303524017334,0.8966182470321655,75.559295654296875,0.3452368573002193,0,gwwa,20,25,603.5,FALSE,-74.2539042,41.0746147
1,0,0.7142857142857143,0,0,0,0,0,0,S91350454,20.03293228149414,0,2.9631473223368325,0.8690690199534098,159.51810709635416,0,0.79435601745333,gwwa,11.383333333333301,58,1350,FALSE,-83.4915201,35.547728
0,0,0,0,0.05555555555555555,0,0,0,0.9444444444444444,S90278221,8.986099910736083,0.5172885477542877,1.8854475498199463,0.9381880283355712,42.023538208007814,NA,NA,gwwa,9.3,71,1263.5,FALSE,-83.0137682,39.3165882
0.16666666666666666,0.1388888888888889,0,0,0.3333333333333333,0.1111111111111111,0.1111111111111111,0.1111111111111111,0.5,S71257779,17.623070907592773,0.13813575804233552,2.580620527267456,0.907034158706665,134.2238967895508,0.5094063679377238,0,gwwa,9.18333333333333,29,1207,FALSE,-82.3199129,36.0264598
1,0.8285714285714286,0,0,0,0,0,0,0,S46971296,24.317380142211913,0,3.01568398475647,0.7408953070640564,231.75384521484375,0.8148300954273768,0,gwwa,9.66666666666667,60,322,FALSE,-83.7123656,34.7616025
0,0,0,0,0,0,0,0,0.4375,S46669584,11.718595640999931,0.22277281007596425,2.0851192133767262,0.9789795534951347,84.30472564697266,NA,NA,gwwa,7.43333333333333,38,250,FALSE,-81.959996,35.654814
0,0,0,0,0.8,0.17142857142857143,0.17142857142857143,0.17142857142857143,0.8285714285714286,S91191495,11.329215367635092,0.32904969652493793,2.060285051663717,0.7993659575780233,249.51571655273438,NA,NA,gwwa,15.2333333333333,39,888,FALSE,-86.307476,33.634129
0.5142857142857142,0.34285714285714286,0.02857142857142857,0,0.22857142857142856,0,0,0,0.4857142857142857,S14523767,12.26184368133545,0.304291695356369,2.508392572402954,0.9698211550712585,67.00709533691406,0.22053003180772066,0,gwwa,7.75,15,804.5,FALSE,-78.8780808,38.8769355
0.08333333333333333,0,0,0,0.16666666666666666,0,0,0,0.5555555555555556,S113025527,10.146362940470377,0.42228062947591144,2.5513315995534263,0.8787679076194763,112.10206095377605,0.17052486000789535,0,gwwa,17.1666666666667,120,250,FALSE,-75.5192041,42.2255156
0.7222222222222222,0.7222222222222222,0,0,0,0,0,0,0.2777777777777778,G8785013,23.240253067016603,0.015141254477202892,2.971330690383911,0.795732069015503,194.85999755859376,0.3977872199482388,0.018823559085528057,gwwa,10.2333333333333,180,804.5,FALSE,-83.471445,35.046768
0.3125,0.21875,0,0,0.3125,0,0,0,0.5,S18860977,6.3832011222839355,0.670918881893158,2.358466148376465,0.9166611433029175,32.295753479003906,0.31583404323707026,0,gwwa,7.23333333333333,9,250,FALSE,-79.7746228,39.5510961
0.4411764705882353,0.35294117647058826,0,0,0.08823529411764706,0.20588235294117646,0.20588235294117646,0.20588235294117646,0.35294117647058826,S58139948,14.421140988667807,0.16789225240548453,2.5403526624043784,0.8354654709498087,104.83892313639323,0.15134670822457832,0,gwwa,14.0666666666667,65,351,FALSE,-76.6231209,41.3835531
1,1,0,0,0,0,0,0,0,S57594598,16.29987335205078,0.18990395963191986,2.7671496868133545,0.8138092756271362,90.69195556640625,0.07795199571067796,0,gwwa,9.25,180,1207,FALSE,-75.9530488,40.625536
1,1,0,0,0,0,0,0,0,S92507291,18.56868839263916,0.08664390196402867,2.6161683400472007,0.8980631828308105,112.91935729980469,0.32426639232934185,0,gwwa,11.3333333333333,85,1394,FALSE,-84.069789,36.207365
0.11428571428571428,0.11428571428571428,0,0,0,0,0,0,0.17142857142857143,S58022376,10.819971720377604,0.2694105903307597,1.9890349706013997,0.9919917186101278,35.91793568929037,0,0.0546550452709198,gwwa,12.9166666666667,70,250,FALSE,-74.8272157,41.9017979
0.7878787878787878,0.45454545454545453,0,0,0.06060606060606061,0.12121212121212122,0.12121212121212122,0.12121212121212122,0.09090909090909091,S91384570,16.113299751281737,0.030834714882075787,2.7514792919158935,0.9809342622756958,107.56693420410156,0.5704813752323389,0,gwwa,13.7666666666667,15,250,FALSE,-79.0033239,37.9259663
0.027777777777777776,0,0.027777777777777776,0,0.027777777777777776,0,0,0,0.5277777777777778,S30736723,5.538427352905273,0.5753822724024454,1.591354767481486,0.9999444484710693,20.50881576538086,NA,NA,gwwa,20.25,60,250,FALSE,-84.7946497,34.7522045
0,0,0,0,0.4857142857142857,0.22857142857142856,0.22857142857142856,0.22857142857142856,0.5428571428571428,S70982746,4.6128438949584964,0.5775215804576874,1.6171047925949096,0.9999237537384034,18.510082626342772,0.05822795256972313,0,gwwa,15.2833333333333,15,250,FALSE,-83.7867605,36.1503838
0.16216216216216217,0.16216216216216217,0,0,0.05405405405405406,0,0,0,0.21621621621621623,S114292944,11.612709249768939,0.3092581688293389,2.3790881974356517,0.9353447811944144,96.82726178850446,0.45125098899006844,0,gwwa,7.86666666666667,10,250,FALSE,-84.105843,36.588543
1,1,0,0,0,0,0,0,0,S37810671,14.934348106384277,0.07994511971871059,2.5705624421437583,0.9620235164960226,77.28730010986328,0.22628009631424337,0,gwwa,7.5,60,1207,FALSE,-79.5217896,38.9102702
1,0.08823529411764706,0.9117647058823529,0,0,0,0,0,0,S90364549,22.1773738861084,0,2.9557836055755615,0.5598644614219666,151.03494262695313,0.2563208697758841,0,gwwa,7.43333333333333,8,250,FALSE,-84.942135,33.9910769
1,1,0,0,0,0,0,0,0,S30967870,13.426176071166992,0.1493012694021066,2.490286906560262,0.9919893940289816,65.71108500162761,0.6468751329812221,0,gwwa,11,30,250,FALSE,-84.7564316,35.443073
1,0.3142857142857143,0,0,0,0,0,0,0,S114272123,22.13901138305664,0.006564273809393247,3.030195951461792,0.7583972414334615,143.39181518554688,0.47332323246768543,0,gwwa,18.6833333333333,119,250,FALSE,-83.0573273,35.1865762
0,0,0,0,0.19444444444444445,0,0,0,0.2777777777777778,G4384380,6.1139678955078125,0.5124384164810181,1.8197323083877563,0.998218297958374,23.68626594543457,NA,NA,gwwa,13.35,24,257.5,FALSE,-81.5742,37.1199
0.08333333333333333,0.027777777777777776,0,0,0,0,0,0,0.6388888888888888,S58449667,8.786321957906088,0.4069434603055318,2.1169748306274414,0.9640964070955912,45.71189308166504,NA,NA,gwwa,18.3,20,250,FALSE,-76.585508,40.986319
0.05405405405405406,0.02702702702702703,0.02702702702702703,0,0,0.9459459459459459,0.9459459459459459,0.9459459459459459,0,S52212383,14.077095985412598,0.47030455867449444,2.0376412868499756,0.9112571875254313,72.23223368326823,0.5289810001850128,0,gwwa,11,120,250,FALSE,-83.0529616,35.2339324
0.7777777777777778,0.2777777777777778,0.3055555555555556,0,0,0,0,0,0.2222222222222222,S58278905,23.892559051513672,0,2.892592191696167,0.6475463509559631,161.5583038330078,0.47753953595053067,0.01987456191669811,gwwa,9.31666666666667,66,563.5,FALSE,-79.0897925,38.5672608
0.37142857142857144,0.2857142857142857,0,0.14285714285714285,0.17142857142857143,0,0,0,0.6285714285714286,S71208074,20.74242401123047,0.05979863926768303,3.0359323024749756,0.7503269910812378,158.140625,0.6899481308372581,0,gwwa,18.7333333333333,3,250,FALSE,-78.494559,38.337111
0.5555555555555556,0.5555555555555556,0,0,0.08333333333333333,0,0,0,0.2777777777777778,S30442729,16.44569206237793,0.23571668565273285,2.4424637158711753,0.8497448364893595,115.5547587076823,0.11540057665357988,0,gwwa,11.3333333333333,40,250,FALSE,-79.3734039,38.8353798
0,0,0,0,0,0,0,0,0,S57822508,8.49928092956543,0.4318179388840993,1.9802312850952148,0.9853244026501974,35.07383600870768,NA,NA,gwwa,15.5,90,250,FALSE,-84.87805,35.90927
0.02857142857142857,0,0,0,0.22857142857142856,0,0,0,0.34285714285714286,S47184327,9.339910507202148,0.4758869707584381,2.0153539180755615,0.9674549698829651,57.28608322143555,0.05647532517711321,0,gwwa,9.25,15,362,FALSE,-81.680933,38.7957231
0.08333333333333333,0.08333333333333333,0,0,0.08333333333333333,0.3611111111111111,0.3611111111111111,0.3611111111111111,0.5555555555555556,S92283131,13.442215919494629,0.29076865315437317,2.440964460372925,0.8687794208526611,187.13540649414063,NA,NA,gwwa,10.6,13,250,FALSE,-81.774059,39.533415
0.7142857142857143,0.7142857142857143,0,0,0,0,0,0,0.2571428571428571,S38091900,15.837540626525879,0.06325133889913559,2.6954739093780518,0.913008987903595,98.14508056640625,0.6418875179908894,0.010011114456035473,gwwa,9,180,804.5,FALSE,-75.1968884,40.9351892
0.10810810810810811,0.10810810810810811,0,0,0.35135135135135137,0,0,0,0.8918918918918919,S30385862,9.943097114562988,0.39873383442560834,2.2801037629445395,0.7696407238642374,117.03954315185547,0.15921124247834087,0,gwwa,11.3333333333333,10,1207,FALSE,-79.2040229,40.9064348
0,0,0,0,0,0,0,0,0.3611111111111111,S18856522,6.015367650985718,0.5118395328521729,2.1126944541931154,0.9233203172683716,89.64373168945312,NA,NA,gwwa,16,30,250,FALSE,-78.9576352,39.9233384
0.3611111111111111,0.3611111111111111,0,0,0.3055555555555556,0,0,0,0.5833333333333334,S46878342,10.779250144958496,0.2867891490459442,2.358851909637451,0.98281329870224,56.96345520019531,0.24902979886101093,0,gwwa,15.65,60,250,FALSE,-77.977224,39.369338
0,0,0,0,0,0,0,0,1,S18806707,9.537034225463866,0.5531303346157074,1.8984630584716797,0.898879599571228,62.49781341552735,0.03941766917705536,0.0273275226354599,gwwa,2.83333333333333,70,402.5,FALSE,-74.5156422,41.5384264
0.02857142857142857,0.02857142857142857,0,0,0.6571428571428571,0,0,0,0.9428571428571428,S90726237,17.318533897399902,0.07186004519462585,2.318160057067871,0.9583348433176676,93.88585408528645,0.5230109244585037,0,gwwa,19,25,322,FALSE,-82.4876607,35.4141083
0.45714285714285713,0.22857142857142856,0,0,0.14285714285714285,0,0,0,0.5428571428571428,S71500506,13.605037416730609,0,2.6095387595040456,0.9907735926764352,79.84049006870815,0.31964741206981917,0,gwwa,12.95,45,250,FALSE,-80.8716518,39.954049500000004
0.4857142857142857,0.4857142857142857,0,0,0,0,0,0,0.5142857142857142,S71751302,22.463484954833984,0.011982952803373336,3.0386733531951906,0.7824277281761169,190.1212371826172,0.8748539636532465,0,gwwa,11.0666666666667,5,250,FALSE,-78.8918354,38.0005676
0,0,0,0,1,0,0,0,1,G1058703,5.143300628662109,0.5736290216445923,1.6776129961013795,0.9998812317848206,21.187286376953125,0,0,gwwa,19.5,120,250,FALSE,-79.4957399,41.1438892
0,0,0,0,0,0,0,0,0.2571428571428571,G3328785,9.71986026763916,0.29656500816345216,2.2929991245269776,0.9813063025474549,47.45572204589844,NA,NA,gwwa,9.35,6,297.5,FALSE,-79.4540123,37.788668
0.4166666666666667,0.08333333333333333,0,0,0.25,0,0,0,0.4722222222222222,S50263596,9.929025967915853,0.46272073189417523,2.397012233734131,0.8560961882273356,120.62363179524739,0.1922072909772396,0,gwwa,5.75,3,250,FALSE,-81.1725874,40.5954768
0.29411764705882354,0.29411764705882354,0,0.058823529411764705,0.4117647058823529,0,0,0,0.6470588235294118,S91434596,17.8874610265096,0.2077111005783081,2.7645986874898276,0.809234102567037,124.51595815022786,0.6901532506942749,0,gwwa,8.7,73,402.5,FALSE,-84.999715,35.273736
0.6285714285714286,0.6285714285714286,0,0,0,0,0,0,0.34285714285714286,G3347732,14.427724838256836,0.005513365690906842,2.6676390965779624,0.9644922812779745,79.94181569417317,0.35490292160270304,0,gwwa,10.2,10,250,FALSE,-78.6493635,38.2981886
0.05555555555555555,0,0,0,0.2222222222222222,0.027777777777777776,0.027777777777777776,0.027777777777777776,0.2222222222222222,S58035148,5.298814296722412,0.6423442959785461,1.4791853427886963,0.9999817609786987,13.778835932413736,NA,NA,gwwa,11.7,20,250,FALSE,-81.9137198,38.9619062
0.3611111111111111,0.3333333333333333,0,0,0.4444444444444444,0,0,0,0.5833333333333334,G8615559,14.486030578613281,0.25136083364486694,2.5621941089630127,0.900133490562439,105.07855224609375,0.5210424746753863,0,gwwa,10.633333333333301,14,1464,FALSE,-77.98007,39.618826
0.7142857142857143,0.7142857142857143,0,0,0.05714285714285714,0,0,0,0.2571428571428571,S114718703,16.409230550130207,0.1928467427690824,2.6688462098439536,0.9220769008000692,110.03153483072917,0.3288247601045772,0,gwwa,11.8333333333333,5,250,FALSE,-80.109193,37.03603
1,0.3055555555555556,0.6944444444444444,0,0,0,0,0,0,S57981023,13.26352767944336,0.13171678334474562,2.5216203689575196,0.9622694253921509,96.72001190185547,0,0,gwwa,10.5,60,804.5,FALSE,-79.1765356,39.7857432
0.625,0.15625,0.125,0,0.125,0,0,0,0.34375,S24089487,12.235640525817871,0.20491250356038412,2.4301201502482095,0.9857161243756613,68.0424092610677,0.4565380722284317,0,gwwa,6.33333333333333,15,250,FALSE,-77.4047649,42.6673278
0.75,0.4722222222222222,0.1388888888888889,0,0,0,0,0,0.25,S19128907,24.31594886779785,0.0033075146609917285,3.1135568141937258,0.6381995797157287,154.86142272949218,0.6183949080961091,0,gwwa,9.66666666666667,32,250,FALSE,-85.46275,34.82452
0.08571428571428572,0,0,0,0.42857142857142855,0,0,0,0.9142857142857143,G4306807,10.890340805053711,0.3760944604873657,2.114400068918864,0.939490815003713,47.802632649739586,0.3029550015926361,0,gwwa,8.18333333333333,129,523,FALSE,-74.913337,40.978413
0.9142857142857143,0.9142857142857143,0,0,0,0,0,0,0.08571428571428572,S47080028,16.85280418395996,0.11173451691865921,2.747812271118164,0.9225384593009949,104.75621032714844,0.3122180571843838,0,gwwa,15.133333333333301,34,1207,FALSE,-80.7118327,40.3306142
0.5,0,0,0,0.25,0,0,0,0.3125,S71408985,8.009583473205566,0.36910971999168396,2.0235462188720703,0.9774399399757385,36.90814208984375,0.2664149006207784,0,gwwa,10.7333333333333,23,804.5,FALSE,-78.8165617,40.9147855
0.2972972972972973,0.2972972972972973,0,0.2972972972972973,0.16216216216216217,0,0,0,0.6216216216216216,S70509798,14.599592208862305,0.20039449632167816,2.439087152481079,0.8246393203735352,90.65447235107422,0.3717090569285525,0,gwwa,15.8,24,250,FALSE,-84.570056,34.605844
0.05555555555555555,0.05555555555555555,0,0,0.6944444444444444,0,0,0,0.9444444444444444,S19117752,4.716761589050293,0.5979719161987305,1.8576443195343018,1,22.353132247924805,NA,NA,gwwa,7.58333333333333,70,1207,FALSE,-79.036417,38.1676296
0,0,0,0,0.09375,0,0,0,0.34375,S115951834,4.217495759328206,0.8037038445472717,1.9305925369262695,0.9555502136548361,75.19520823160808,NA,NA,gwwa,8.58333333333333,10,250,FALSE,-78.8563871,38.4670977
0.5,0.5,0,0,0.3235294117647059,0.08823529411764706,0.08823529411764706,0.08823529411764706,0.38235294117647056,S58353625,19.192668914794922,0.10907766471306483,2.7361223697662354,0.7132037679354349,134.36956787109375,0.3572621150658681,0,gwwa,7.16666666666667,65,250,FALSE,-75.0559796,41.6696549
0.7222222222222222,0.2222222222222222,0,0,0,0,0,0,0.2777777777777778,S71042685,20.476468658447267,0,2.9823365688323973,0.8341098070144654,134.23194122314453,0.6894525049960819,0,gwwa,6.73333333333333,5,603.5,FALSE,-79.960999,37.54451
0.03125,0.03125,0,0,0.6875,0,0,0,0.96875,S46895114,10.993865966796875,0.24034646153450012,2.38977313041687,0.9911446571350098,55.03529739379883,NA,NA,gwwa,9.46666666666667,95,804.5,TRUE,-79.6663905,39.5681277
0.7222222222222222,0.5833333333333334,0,0,0,0,0,0,0.2777777777777778,S70734087,17.180267969767254,0.11240126316746075,2.7091875076293945,0.8762996991475424,93.88984680175781,0.6132680177688599,0.007499825312859482,gwwa,9.1,45,250,TRUE,-75.133792,41.156529
0.19444444444444445,0.19444444444444445,0,0,0.5,0,0,0,0.7777777777777778,S92247326,9.38029956817627,0.31592416763305664,2.0875749588012695,0.9800029993057251,51.35725402832031,0.600464716553688,0,gwwa,6.31666666666667,65,354.5,TRUE,-79.5219055,38.5342741
0.2857142857142857,0.2857142857142857,0,0,0.4857142857142857,0,0,0,0.5142857142857142,S90378510,18.483644866943358,0.10299880504608154,2.795521688461304,0.7867712378501892,118.33282623291015,0.5254493339194192,0,gwwa,11.9166666666667,41,402.5,TRUE,-81.1949926,37.3068511
0.5428571428571428,0.4,0,0,0,0,0,0,0.2571428571428571,S57497312,14.008471625191826,0.3235923945903778,2.247300011771066,0.9411833712032863,93.28987448556083,0.6312882325478962,0,gwwa,17.5,75,1472.5,TRUE,-74.2580321,41.1724991
0.5277777777777778,0.5277777777777778,0,0,0.2222222222222222,0,0,0,0.4722222222222222,G5516503,12.964826583862305,0.3384273449579875,2.5071376959482827,0.9220954775810242,98.10404713948567,0.2998802055915197,0,gwwa,7,39,1357,TRUE,-79.4159628,39.6795337
0.4166666666666667,0.4166666666666667,0,0,0.5833333333333334,0,0,0,0.5833333333333334,S30612831,15.139495849609375,0.2656884839137395,2.4525605042775473,0.8931755423545837,107.4790267944336,0.6026342126230398,0,gwwa,10,90,804.5,TRUE,-82.0491397,36.1470008
0.027777777777777776,0,0,0,0.16666666666666666,0,0,0,0.9722222222222222,S70641857,5.0154900550842285,0.6116311550140381,1.7685813903808594,1,19.11063575744629,0,0,gwwa,15.7666666666667,15,250,TRUE,-79.4274979,39.0236092
0.8333333333333334,0.7777777777777778,0,0,0,0,0,0,0.16666666666666666,S71252186,14.995326042175293,0.29407355189323425,2.8329358100891113,0.7459492087364197,96.68165588378906,0.4243699684739113,0,gwwa,5.68333333333333,163,804.5,TRUE,-74.518725,41.08339
0.32432432432432434,0.32432432432432434,0,0,0.43243243243243246,0,0,0,0.6756756756756757,S90266053,9.727195262908936,0.40190207958221436,2.23834220568339,0.9705958962440491,69.17905171712239,0.6456474542617798,0,gwwa,7.35,20,250,TRUE,-76.1685078,41.2006252
0.8857142857142857,0.5142857142857142,0,0,0,0,0,0,0.05714285714285714,G8582460,15.199624379475912,0.16948328663905463,2.554766813913981,0.9119081497192383,78.264801025390625,0.5949980081482367,0,gwwa,7.63333333333333,114,1070,TRUE,-74.2379055,41.234391
0.8857142857142857,0.37142857142857144,0.22857142857142856,0,0,0,0,0,0.11428571428571428,S90755262,15.75588607788086,0.21920353174209595,2.855614344278971,0.7616812586784363,97.31404876708984,0.34050981141626835,0,gwwa,11.4333333333333,18,250,TRUE,-74.5184087,41.0814671
0.02857142857142857,0.02857142857142857,0,0,0.9714285714285714,0,0,0,0.9714285714285714,S18822253,7.39976437886556,0.5405371785163879,2.0810275077819824,0.9702340761820475,37.22704060872396,NA,NA,gwwa,17.1333333333333,27,322,TRUE,-78.9539337,39.601191300000004
0.02857142857142857,0.02857142857142857,0,0,0.9714285714285714,0,0,0,0.9714285714285714,G648813,7.39976437886556,0.5405371785163879,2.0810275077819824,0.9702340761820475,37.22704060872396,NA,NA,gwwa,8.3,39,402.5,TRUE,-78.9539337,39.601191300000004
0.7567567567567568,0.6216216216216216,0,0,0,0,0,0,0.24324324324324326,S14426502,14.221426010131836,0.08195023238658905,2.380765438079834,0.9436362981796265,59.501617431640625,0.5896297614090145,0,gwwa,14.1666666666667,34,250,TRUE,-74.2300943,41.2299179
1,1,0,0,0,0,0,0,0,S113052868,20.18894271850586,0.044286745321005586,2.806339645385742,0.7348339557647705,146.03840026855468,0.7688279322215489,0,gwwa,8.43333333333333,123,1209,TRUE,-74.187983,41.729178
0.6944444444444444,0.6944444444444444,0,0,0.027777777777777776,0.027777777777777776,0.027777777777777776,0.027777777777777776,0.2777777777777778,S47717433,15.540606180826822,0.1801141748825709,2.17512845993042,0.9097861846288046,86.18078358968098,0.23303731745626363,0,gwwa,9.36666666666667,90,250,TRUE,-78.1761848,40.5237922
0.7837837837837838,0.7297297297297297,0.05405405405405406,0,0,0,0,0,0.13513513513513514,S24056934,15.373225212097168,0.1403612345457077,2.634744167327881,0.8627261519432068,99.97563934326172,0.5984872471202504,0,gwwa,7.28333333333333,104,1207,TRUE,-75.218916,41.118944
0.02857142857142857,0.02857142857142857,0,0,0.9714285714285714,0,0,0,0.9714285714285714,S23930373,7.39976437886556,0.5405371785163879,2.0810275077819824,0.9702340761820475,37.22704060872396,NA,NA,gwwa,7,120,603.5,TRUE,-78.9539337,39.601191300000004
0.375,0.375,0,0.34375,0.0625,0,0,0,0.625,S113267623,15.344659614562989,0.11518479138612747,2.6948194026947023,0.8706506490707397,88.62706909179687,0.5519153659160321,0,gwwa,10.25,31,885,TRUE,-81.6955483,36.3326207
0.4166666666666667,0.4166666666666667,0,0,0.5833333333333334,0,0,0,0.5833333333333334,S47080305,15.139495849609375,0.2656884839137395,2.4525605042775473,0.8931755423545837,107.4790267944336,0.6026342126230398,0,gwwa,10.5,135,804.5,TRUE,-82.0491397,36.1470008
1,0.02702702702702703,0,0,0,0,0,0,0,S62501603,13.688421567281088,0.12029154102007548,2.604023536046346,0.9073092142740885,68.80039978027344,0.6425283994223621,0,gwwa,12.9666666666667,2,289,TRUE,-74.6112373,41.5826916
0,0,0,0,0.6486486486486487,0,0,0,0.972972972972973,G6919536,9.923985958099365,0.4238896906375885,2.1214157819747923,0.9541996955871582,62.5091667175293,NA,NA,gwwa,7.66666666666667,48,595,TRUE,-78.944771,40.149304
0.6486486486486487,0.6486486486486487,0,0,0,0,0,0,0.2972972972972973,S90503882,18.286788940429688,0.09805928170681,2.819274425506592,0.8675962686538696,120.01473999023438,0.42561541351356674,0.0156157272202628,gwwa,10.25,56,302.5,TRUE,-77.97386,40.76048
0.84375,0.84375,0,0,0,0,0,0,0.15625,S47096816,12.71112028757731,0.22923188408215842,2.425565719604492,0.9531001647313436,71.20012919108073,0.2138262753561139,0,gwwa,14.7833333333333,30,267,TRUE,-79.5237637,38.5329529
0.6388888888888888,0.6388888888888888,0,0.1111111111111111,0.027777777777777776,0,0,0,0.3611111111111111,S30428854,22.77587827046712,0,2.9460903803507485,0.8166374564170837,158.33379109700522,0.22377042738454683,0,gwwa,8,120,1207,TRUE,-79.9518466,38.924469
0.8333333333333334,0.7777777777777778,0,0,0,0,0,0,0.16666666666666666,S57836993,14.995326042175293,0.29407355189323425,2.8329358100891113,0.7459492087364197,96.68165588378906,0.4243699684739113,0,gwwa,6.86666666666667,176,1006,TRUE,-74.518725,41.08339
0.3783783783783784,0.2972972972972973,0,0.16216216216216217,0,0,0,0,0.35135135135135137,G6892708,18.86809539794922,0.1290164440870285,2.8640003204345703,0.82695072889328,137.6324920654297,0.03717132604547909,0,gwwa,7.1,31,250,TRUE,-83.555804,35.098597
0.37142857142857144,0.37142857142857144,0,0.4,0,0,0,0,0.6285714285714286,S70507159,14.19388027191162,0.2135116994380951,2.4649806022644043,0.9694950938224792,62.64716110229492,0.7299345821142197,0,gwwa,6.41666666666667,30,603.5,TRUE,-75.0893958,41.2136652
0.6944444444444444,0.6944444444444444,0,0,0.027777777777777776,0,0,0,0.3055555555555556,S23931921,14.79246711730957,0.162894477446874,2.7231998443603516,0.9143269260724386,105.32226053873698,0.3314503899642399,0.0027919097670486997,gwwa,13.9833333333333,54,250,TRUE,-81.696045,36.340614
0.7567567567567568,0.6216216216216216,0,0,0,0,0,0,0.24324324324324326,S18932620,14.221426010131836,0.08195023238658905,2.380765438079834,0.9436362981796265,59.501617431640625,0.5896297614090145,0,gwwa,6.5,125,1050,TRUE,-74.2300943,41.2299179
0.4444444444444444,0.4444444444444444,0,0.3333333333333333,0,0,0,0,0.5555555555555556,S57448933,16.411988830566408,0.2061327204108238,2.581225109100342,0.8309161186218261,101.17773742675782,0.5221773120760917,0,gwwa,6.38333333333333,66,250,TRUE,-74.451222,41.069816
0.7567567567567568,0.6216216216216216,0,0,0,0,0,0,0.24324324324324326,G3361454,14.221426010131836,0.08195023238658905,2.380765438079834,0.9436362981796265,59.501617431640625,0.5896297614090145,0,gwwa,7.43333333333333,60,1331,TRUE,-74.2300943,41.2299179
0.6,0.6,0,0,0.14285714285714285,0,0,0,0.4,S24095889,9.881851482391358,0.3216923177242279,2.1530791997909544,0.9713146328926087,48.25421085357666,0.34505270612943506,0,gwwa,11.4666666666667,71,804.5,TRUE,-79.5250297,38.5327917
0.8857142857142857,0.5142857142857142,0,0,0,0,0,0,0.05714285714285714,S90269951,15.199624379475912,0.16948328663905463,2.554766813913981,0.9119081497192383,78.264801025390625,0.5949980081482367,0,gwwa,8.05,60,250,TRUE,-74.2379055,41.234391
0.22857142857142856,0.22857142857142856,0,0,0,0.11428571428571428,0.11428571428571428,0.11428571428571428,0.6571428571428571,S57766175,14.826934814453125,0.17076704800128936,2.578073787689209,0.8884997129440307,101.99665222167968,0.28616024255752565,0,gwwa,16.1,81,250,TRUE,-77.7047968,40.9873655
0.5555555555555556,0.08333333333333333,0.25,0,0,0.25,0.25,0.25,0.1388888888888889,S14461857,14.331590016682943,0.2893451352914174,2.4563705921173096,0.8594266176223755,85.17146555582683,0.01283215124298025,0.06391607031778053,gwwa,13.8333333333333,20,250,TRUE,-75.6625369,42.8374691
0.45714285714285713,0.45714285714285713,0,0.11428571428571428,0.2,0,0,0,0.5428571428571428,S71088914,14.925538063049316,0.1803848147392273,2.7549240589141846,0.8981110453605652,99.41666412353516,0.44311930326512083,0,gwwa,12.2,33,250,TRUE,-79.1228662,39.4595616
0,0,0,0,0.75,0,0,0,1,S14510852,14.050880432128906,0.18389317393302917,2.538325309753418,0.9097498059272766,92.69165802001953,NA,NA,gwwa,8.93333333333333,58,322,TRUE,-79.6797369,39.559681
0.14285714285714285,0.08571428571428572,0,0,0,0,0,0,0.8571428571428571,S24057105,8.935966968536377,0.5119388898213705,2.1093645493189492,0.9443957606951395,46.76443354288737,0.3252800355354945,0,gwwa,13.5,180,402.5,TRUE,-74.4712973,41.2327675
0.37142857142857144,0.37142857142857144,0,0,0.34285714285714286,0,0,0,0.6,S18872916,9.38029956817627,0.31592416763305664,2.0875749588012695,0.9800029993057251,51.35725402832031,0.4295164543695541,0,gwwa,11,90,402.5,TRUE,-79.5221114,38.5338716
0.11428571428571428,0.11428571428571428,0,0,0.6571428571428571,0,0,0,0.8857142857142857,S57719654,19.956503295898436,0.10037106573581696,2.7657023429870606,0.8252933263778687,173.1205627441406,0.29725074470043183,0.04054501354694366,gwwa,12.25,75,250,TRUE,-79.7477609,38.9254787
0.4,0.4,0,0.14285714285714285,0.14285714285714285,0,0,0,0.6,G2541824,14.925538063049316,0.1803848147392273,2.7549240589141846,0.8981110453605652,99.41666412353516,0.45825622363814283,0,gwwa,8.05,31,804.5,TRUE,-79.123197,39.459214
0.7567567567567568,0.6216216216216216,0,0,0,0,0,0,0.24324324324324326,S90327792,14.221426010131836,0.08195023238658905,2.380765438079834,0.9436362981796265,59.501617431640625,0.5896297614090145,0,gwwa,8.85,98,998,TRUE,-74.2300943,41.2299179
0.5277777777777778,0.5277777777777778,0,0,0.2222222222222222,0,0,0,0.4722222222222222,S116014176,12.964826583862305,0.3384273449579875,2.5071376959482827,0.9220954775810242,98.10404713948567,0.2998802055915197,0,gwwa,8.16666666666667,80,322,TRUE,-79.4159628,39.6795337
0.5428571428571428,0.5428571428571428,0,0,0.3142857142857143,0,0,0,0.3142857142857143,S19000567,18.774375915527344,0.018342526629567146,2.372117280960083,0.9230709075927734,79.68103790283203,0.14509782734584356,0,gwwa,5.8,146,1006,TRUE,-77.96506,40.77106
0.9459459459459459,0.4594594594594595,0,0,0.05405405405405406,0,0,0,0.05405405405405406,G3307234,19.587890625,0.09472077339887619,2.7727837562561035,0.8022127151489258,124.15084838867188,0.5076115524603261,0.002854085009959009,gwwa,11.4166666666667,20,250,TRUE,-74.2849649,41.1613031
0.7027027027027027,0.7027027027027027,0,0,0,0,0,0,0.2972972972972973,S37622261,15.197726440429687,0.12468725293874741,2.6166637420654295,0.970987057685852,96.47000579833984,0.5406297618472898,0.0036527039231480777,gwwa,7.73333333333333,15,250,TRUE,-75.1063766,41.2438812
0.7567567567567568,0.6216216216216216,0,0,0,0,0,0,0.24324324324324326,S57689470,14.221426010131836,0.08195023238658905,2.380765438079834,0.9436362981796265,59.501617431640625,0.5896297614090145,0,gwwa,10,60,804.5,TRUE,-74.2300943,41.2299179
0.37142857142857144,0.37142857142857144,0,0,0.45714285714285713,0,0,0,0.6,S30350230,9.38029956817627,0.31592416763305664,2.0875749588012695,0.9800029993057251,51.35725402832031,0.3566596692398889,0,gwwa,14.6666666666667,62,250,TRUE,-79.521412,38.533596
0.6486486486486487,0.6486486486486487,0,0,0,0,0,0,0.2972972972972973,S57442301,18.286788940429688,0.09805928170681,2.819274425506592,0.8675962686538696,120.01473999023438,0.42561541351356674,0.0156157272202628,gwwa,19.4,58,603.5,TRUE,-77.97386,40.76048
0.71875,0.71875,0,0,0.125,0,0,0,0.28125,S113381342,13.661547978719076,0.31308847665786743,2.482189734776815,0.9066940546035767,68.99719619750977,0.11724044568836689,0.04223438911139965,gwwa,8.68333333333333,39,250,TRUE,-78.6028647,39.8529613
0,0,0,0,0.029411764705882353,0.8235294117647058,0.8235294117647058,0.8235294117647058,0.08823529411764706,S57981506,12.3609037399292,0.37792210777600604,2.0608323415120444,0.9463979999224345,67.0049311319987,0.6441845297813416,0,gwwa,17.8,41,1202.5,TRUE,-84.5087843,36.4303648
0.5833333333333334,0.5833333333333334,0,0,0,0,0,0,0.4166666666666667,S58577381,21.694151560465496,0.05359318355719248,2.934507131576538,0.734860340754191,200.96290588378906,0.5633762290603236,0,gwwa,12.75,110,250,TRUE,-82.8366137,35.6174305
0.7777777777777778,0.7777777777777778,0,0,0,0,0,0,0.2222222222222222,S24239895,19.55033302307129,0.13843647638956705,2.748522679011027,0.7703490058581034,150.0316365559896,0.1826349629630004,0,gwwa,14.5,75,250,TRUE,-77.9688424,40.7556965
0.03125,0.03125,0,0,0.6875,0,0,0,0.96875,S30253432,10.993865966796875,0.24034646153450012,2.38977313041687,0.9911446571350098,55.03529739379883,NA,NA,gwwa,9.28333333333333,86,402.5,TRUE,-79.6663905,39.5681277
0.96875,0.96875,0,0,0.03125,0,0,0,0.03125,S57418537,13.918901443481445,0.16572518646717072,2.8234472274780273,0.9234678149223328,74.89012145996094,0.6343596191317947,0.010011114456035473,gwwa,6.18333333333333,120,804.5,TRUE,-75.094771,41.554884
0.7567567567567568,0.6216216216216216,0,0,0,0,0,0,0.24324324324324326,S37935927,14.221426010131836,0.08195023238658905,2.380765438079834,0.9436362981796265,59.501617431640625,0.5896297614090145,0,gwwa,16.5,150,1046,TRUE,-74.2300943,41.2299179
0.5405405405405406,0.5405405405405406,0,0,0.21621621621621623,0,0,0,0.43243243243243246,G5469824,11.72719898223877,0.3587545335292816,2.457844352722168,0.9443819642066955,84.7945770263672,0.182288088123588,0,gwwa,18.4666666666667,21,803.5,TRUE,-79.4142421,39.6809751
0.20588235294117646,0.14705882352941177,0,0.4117647058823529,0,0,0,0,0.7941176470588235,G4309832,12.114267349243164,0.25184365808963777,2.4658016681671144,0.9888833284378051,64.30161743164062,0.4652707949280739,0.01093100905418396,gwwa,11.4666666666667,40,402.5,TRUE,-75.1116139,41.2281166
0.75,0.5,0,0,0,0,0,0,0.25,S57927837,12.574779510498047,0.11892476677894592,2.4898593425750732,0.9810533642768859,66.72225494384766,0.6908819068755422,0.014702091259615762,gwwa,10.1166666666667,46,1038,TRUE,-77.8403871,41.219266
0,0,0,0,0.7777777777777778,0,0,0,0.9722222222222222,S57450606,4.8147759437561035,0.630320688088735,1.7426724433898926,0.9989312092463175,14.766417503356934,NA,NA,gwwa,6.51666666666667,136,1030,TRUE,-79.539299,38.5243628
0.8333333333333334,0.7777777777777778,0,0,0,0,0,0,0.16666666666666666,S70503048,14.995326042175293,0.29407355189323425,2.8329358100891113,0.7459492087364197,96.68165588378906,0.4243699684739113,0,gwwa,10.1666666666667,160,1207,TRUE,-74.518725,41.08339
0.02857142857142857,0.02857142857142857,0,0,0.9714285714285714,0,0,0,0.9714285714285714,S46635417,7.39976437886556,0.5405371785163879,2.0810275077819824,0.9702340761820475,37.22704060872396,NA,NA,gwwa,8.56666666666667,154,938.5,TRUE,-78.9539337,39.601191300000004
0.7567567567567568,0.7567567567567568,0,0,0,0,0,0,0.24324324324324326,S57471799,22.661054611206055,0.016735058883205055,2.9809420585632322,0.6978699326515198,147.65054779052736,0.34597087450205316,0,gwwa,18.9166666666667,79,1448.5,TRUE,-77.951136,40.789936
0.4864864864864865,0.4864864864864865,0,0,0.2702702702702703,0,0,0,0.5135135135135135,S37949903,12.964826583862305,0.3384273449579875,2.5071376959482827,0.9220954775810242,98.10404713948567,0.1606297188748916,0,gwwa,6.53333333333333,20,250,TRUE,-79.4155374,39.6800356
0.6388888888888888,0.6388888888888888,0,0.1111111111111111,0,0,0,0,0.3611111111111111,S91280251,13.376807975769044,0.1640554517507553,2.4945230007171633,0.9691118955612182,66.69378662109375,0.49882303054134053,0.05032491601175732,gwwa,7.38333333333333,64,250,TRUE,-75.025578,41.243702
0.7714285714285715,0.7714285714285715,0,0,0,0,0,0,0.22857142857142856,S57500496,11.92044448852539,0.05476608934501807,2.3302790323893228,0.9792932669321696,102.86915588378906,0.34043970075435936,0,gwwa,10,55,804.5,TRUE,-77.6045465,40.3023744
0.7222222222222222,0.7222222222222222,0,0,0,0,0,0,0.2777777777777778,S24216752,20.072336196899414,0.04145082086324692,2.851738452911377,0.8967348337173462,144.26145935058594,0.49407335206866265,0,gwwa,11.1666666666667,15,250,TRUE,-82.4531651,35.9366193
0.3939393939393939,0.24242424242424243,0,0,0.2727272727272727,0,0,0,0.6060606060606061,S47308360,14.524314607892718,0.26649794621126993,2.4870574133736745,0.8341396110398429,88.3256585257394,0.18485330500536495,0,gwwa,17.7833333333333,36,250,TRUE,-78.5529971,39.9590139
0.7142857142857143,0.7142857142857143,0,0.02857142857142857,0,0,0,0,0.2857142857142857,S70756971,16.805674235026043,0.032721396535634995,2.8186639149983725,0.955345094203949,116.3286641438802,0.21964666587965828,0.07336716737065996,gwwa,15,30,1207,TRUE,-75.0854247,41.24522
0.7222222222222222,0.7222222222222222,0,0,0.027777777777777776,0,0,0,0.2222222222222222,S67015282,6.891927719116211,0.6187332272529602,1.9790228605270386,0.9787514209747314,36.15699768066406,0.5690101452849128,0.00614318387074904,gwwa,6,120,1500,TRUE,-78.9634861,39.5869854
0.2,0.2,0,0.45714285714285713,0.14285714285714285,0,0,0,0.8,S37725119,22.69110933939616,0.003999340968827407,3.0194626649220786,0.7316325505574545,271.27881876627606,0.20293230811754862,0,gwwa,12,25,250,TRUE,-81.7105579,36.3205886
0.08108108108108109,0.08108108108108109,0,0,0.7027027027027027,0,0,0,0.7567567567567568,S37978565,9.210522810618082,0.48819518089294434,2.073755423227946,0.9348663489023844,81.9378178914388,0.44459912553429604,0,gwwa,7.25,180,804.5,TRUE,-78.4080505,40.326655
0.375,0.375,0,0,0.21875,0,0,0,0.4375,S47235380,19.995683670043945,0.014571697761615118,2.3411829471588135,0.8759298523267111,94.65513610839844,0.2774899043761252,0,gwwa,10.5,45,804.5,TRUE,-77.966789,40.771046
1,1,0,0,0,0,0,0,0,S23723914,24.14365577697754,0.05340640023350716,3.0456762313842773,0.6404249548912049,256.6016571044922,0.1246019471436739,0,gwwa,6.5,10,250,TRUE,-79.7166066,38.9150723
0.7027027027027027,0.7027027027027027,0,0,0,0,0,0,0.21621621621621623,G8577217,18.039374033610027,0.03996578355630239,2.881195306777954,0.9575361013412476,120.10162099202473,0.28926915545580967,0.031105079434134743,gwwa,6.61666666666667,44,250,TRUE,-75.0985383,41.2422781
0.5277777777777778,0.5277777777777778,0,0,0.2222222222222222,0,0,0,0.4722222222222222,S113666713,12.964826583862305,0.3384273449579875,2.5071376959482827,0.9220954775810242,98.10404713948567,0.2998802055915197,0,gwwa,8.21666666666667,124,980.5,TRUE,-79.4159628,39.6795337
0.5277777777777778,0.5277777777777778,0,0,0.2222222222222222,0,0,0,0.4722222222222222,G8654272,15.400618553161621,0.1671953151623408,2.7394046783447266,0.9183781544367472,106.69927724202473,0.26284126801924274,0.007106679407033053,gwwa,11.2333333333333,35,250,TRUE,-81.696497,36.341097
1,1,0,0,0,0,0,0,0,S30475717,16.916495704650877,0.1418882429599762,2.395367956161499,0.9436119794845581,62.080265808105466,0.6215859636226121,0,gwwa,13.6666666666667,100,804.5,TRUE,-74.2461205,41.208945
0.7567567567567568,0.7567567567567568,0,0,0,0,0,0,0.24324324324324326,S14426801,22.661054611206055,0.016735058883205055,2.9809420585632322,0.6978699326515198,147.65054779052736,0.34597087450205316,0,gwwa,7.46666666666667,106,1046,TRUE,-77.951136,40.789936
0.7777777777777778,0.7777777777777778,0,0,0,0,0,0,0.19444444444444445,S114974575,15.175738016764322,0.11292161544164021,2.774031162261963,0.9168171286582947,83.71838124593098,0.5655767571879551,0,gwwa,9.41666666666667,25,250,TRUE,-75.1358349,41.4183177
0.4166666666666667,0.4166666666666667,0,0,0.5833333333333334,0,0,0,0.5833333333333334,S37957164,15.139495849609375,0.2656884839137395,2.4525605042775473,0.8931755423545837,107.4790267944336,0.6026342126230398,0,gwwa,7.25,150,1006,TRUE,-82.0491397,36.1470008
0.6944444444444444,0.6944444444444444,0,0.027777777777777776,0,0,0,0,0.3055555555555556,S57511487,13.863835334777832,0.14896516501903534,2.525139411290487,0.964487890402476,69.35952504475911,0.4203110945721467,0.05783325185378393,gwwa,18,75,250,TRUE,-75.0242212,41.2439487
0.43243243243243246,0.43243243243243246,0,0,0.3783783783783784,0,0,0,0.5405405405405406,S71381117,9.38029956817627,0.31592416763305664,2.0875749588012695,0.9800029993057251,51.35725402832031,0.3789324135921726,0,gwwa,6.23333333333333,107,755.5,TRUE,-79.521663,38.533549
0.5757575757575758,0.5757575757575758,0,0.24242424242424243,0,0,0,0,0.42424242424242425,S30345381,15.091809272766113,0.09827008843421936,2.6985368728637695,0.9912417531013489,92.58006286621094,0.2352027385323136,0,gwwa,7.75,105,804.5,TRUE,-75.1081181,41.2319607
0.8055555555555556,0.75,0,0,0,0,0,0,0.19444444444444445,S14550220,14.995326042175293,0.29407355189323425,2.8329358100891113,0.7459492087364197,96.68165588378906,0.3639684319496155,0,gwwa,7,120,402.5,TRUE,-74.5185792,41.0835241
0.6486486486486487,0.16216216216216217,0.21621621621621623,0,0,0,0,0,0.32432432432432434,S46922320,10.392599105834961,0.4038828909397125,2.370083808898926,0.9052625894546509,82.00291442871094,0.17539637702806243,0.018052744261663537,gwwa,8.25,45,250,TRUE,-77.5097466,41.7527131
0.17142857142857143,0.11428571428571428,0.05714285714285714,0,0,0,0,0,0.8285714285714286,S59012156,11.661542256673178,0.3613027036190033,2.242268164952596,0.9775237441062927,53.331068674723305,0.19275229331329824,9.879525034473492e-4,gwwa,6.91666666666667,17,250,TRUE,-77.9247371,40.663051
0.7567567567567568,0.6216216216216216,0,0,0,0,0,0,0.24324324324324326,S70619320,14.221426010131836,0.08195023238658905,2.380765438079834,0.9436362981796265,59.501617431640625,0.5896297614090145,0,gwwa,6,130,804.5,TRUE,-74.2300943,41.2299179
0.8648648648648649,0.2972972972972973,0.13513513513513514,0,0,0,0,0,0.08108108108108109,S18878434,14.726043065388998,0.15120968222618103,2.6081083615620932,0.9528830051422119,99.06930796305339,0.28129654304812785,0,gwwa,9.25,45,1207,TRUE,-78.011899,40.3593229
0.8333333333333334,0.7777777777777778,0,0,0,0,0,0,0.16666666666666666,S112982998,14.995326042175293,0.29407355189323425,2.8329358100891113,0.7459492087364197,96.68165588378906,0.4243699684739113,0,gwwa,6.08333333333333,175,1408,TRUE,-74.518725,41.08339
0,0,0,0,0,1,1,1,0,S23996485,18.263446807861328,0.17565677066644034,1.8019935290018718,0.8767072757085165,66.25512440999348,NA,NA,gwwa,6.08333333333333,25,250,TRUE,-77.9146957,40.6629312
0.1111111111111111,0,0.027777777777777776,0,0.25,0,0,0,0.8888888888888888,G4299636,10.017932891845703,0.3749217987060547,2.362039804458618,0.804873526096344,182.03884887695313,0.19881104413223893,0,gwwa,11.4833333333333,39,716,TRUE,-79.23504,39.5732
0,0,0,0,0,0,0,0,0.16216216216216217,S18903271,2.819584369659424,0.9127395153045654,1.3277355432510376,1,11.777981758117676,NA,NA,gwwa,9.75,30,250,TRUE,-76.5711021,40.4351888
0.6666666666666666,0.5555555555555556,0,0,0.1111111111111111,0,0,0,0.2222222222222222,S37642686,15.628296852111816,0.06568312644958496,2.6078474521636963,0.903985857963562,83.60284423828125,0.5353171441115832,0,gwwa,11.35,93,965.5,TRUE,-82.0445119,36.1017932
0.75,0.75,0,0,0,0,0,0,0.25,S57431898,15.711493492126465,0.16817787289619446,2.594414710998535,0.8955143690109253,86.4134292602539,0.48555320414404074,0,gwwa,8.9,17,250,TRUE,-78.22858,40.08349
0.8055555555555556,0.7222222222222222,0,0,0,0,0,0,0.19444444444444445,S37647671,14.17024834950765,0.29453914364178974,2.6611013412475586,0.8003785411516825,106.6596171061198,0.2634151556662151,0,gwwa,7,90,804.5,TRUE,-74.5176727,41.0860108
0.75,0.59375,0,0,0,0,0,0,0.25,G2493014,14.837931632995605,0.0826932042837143,2.6039977073669434,0.9614385366439819,96.06370544433594,0.19683407891541718,0,gwwa,10.633333333333301,38,322,TRUE,-79.5315006,39.1912595
0.7567567567567568,0.6216216216216216,0,0,0,0,0,0,0.24324324324324326,S23962401,14.221426010131836,0.08195023238658905,2.380765438079834,0.9436362981796265,59.501617431640625,0.5896297614090145,0,gwwa,14.0333333333333,57,402.5,TRUE,-74.2300943,41.2299179
0.5277777777777778,0.5277777777777778,0,0,0.2222222222222222,0,0,0,0.4722222222222222,S46635630,12.964826583862305,0.3384273449579875,2.5071376959482827,0.9220954775810242,98.10404713948567,0.2998802055915197,0,gwwa,10.25,36,250,TRUE,-79.4159628,39.6795337
0.3611111111111111,0.19444444444444445,0,0,0.05555555555555555,0.16666666666666666,0.16666666666666666,0.16666666666666666,0.25,G3294689,16.012847582499187,0.2305204470952352,2.6940714518229165,0.8597425818443298,128.55561065673828,0.29331986904144286,0,gwwa,17.9666666666667,45,250,TRUE,-77.7854774,40.9315332
0.7142857142857143,0.22857142857142856,0,0,0,0,0,0,0.2571428571428571,S71123001,9.796291669209799,0.5840670963128408,2.0984389781951904,0.8797831734021505,91.71459452311198,0.15457753464579582,0,gwwa,10.0333333333333,126,804.5,TRUE,-77.699553,40.99491
0.8857142857142857,0.5142857142857142,0,0,0,0,0,0,0.05714285714285714,S57440909,15.199624379475912,0.16948328663905463,2.554766813913981,0.9119081497192383,78.264801025390625,0.5949980081482367,0,gwwa,11.25,50,402.5,TRUE,-74.2379055,41.234391
0.8857142857142857,0.5142857142857142,0,0,0,0,0,0,0.05714285714285714,S70592572,15.199624379475912,0.16948328663905463,2.554766813913981,0.9119081497192383,78.264801025390625,0.5949980081482367,0,gwwa,6.5,120,804.5,TRUE,-74.2379055,41.234391
0.6486486486486487,0.6486486486486487,0,0,0,0,0,0,0.2972972972972973,S91132763,18.286788940429688,0.09805928170681,2.819274425506592,0.8675962686538696,120.01473999023438,0.42561541351356674,0.0156157272202628,gwwa,8.08333333333333,86,648,TRUE,-77.97386,40.76048
0.4166666666666667,0.4166666666666667,0,0,0.5833333333333334,0,0,0,0.5833333333333334,S71181396,15.139495849609375,0.2656884839137395,2.4525605042775473,0.8931755423545837,107.4790267944336,0.6026342126230398,0,gwwa,9.58333333333333,90,804.5,TRUE,-82.0491397,36.1470008
0.7567567567567568,0.4594594594594595,0,0,0,0,0,0,0.24324324324324326,S70582001,20.346254348754883,0.05282372981309891,2.7582566261291506,0.7826682806015015,134.972021484375,0.15255799593121214,0,gwwa,19.3,54,486.5,TRUE,-78.666544,39.765397
0.7567567567567568,0.6216216216216216,0,0,0,0,0,0,0.24324324324324326,G2520686,14.221426010131836,0.08195023238658905,2.380765438079834,0.9436362981796265,59.501617431640625,0.5896297614090145,0,gwwa,8.4,70,250,TRUE,-74.2300943,41.2299179
1,1,0,0,0,0,0,0,0,S113290145,14.638193702697754,0.10212807804346084,2.4714605808258057,0.9592556715011596,66.21084747314453,0.7514206487685442,0.012670316733419895,gwwa,7.5,120,1207,TRUE,-74.2707502,41.1944658
0.45714285714285713,0.45714285714285713,0,0,0,0,0,0,0.4857142857142857,S58175499,16.449662526448567,0.09522222479184468,2.777177015940348,0.9509526292483012,107.37488301595052,0.2611576368196568,0.019958892038890293,gwwa,9.48333333333333,23,250,TRUE,-75.0991945,41.2439511
0.9166666666666666,0.9166666666666666,0,0.08333333333333333,0,0,0,0,0.08333333333333333,G6157677,7.41731071472168,0.22888928428292274,2.2030598640441896,0.9317883014678955,386.61558227539064,0.39762686363288335,0,gwwa,9.5,17,250,TRUE,-83.4793,36.87607
0.5945945945945946,0.5945945945945946,0,0,0.16216216216216217,0,0,0,0.40540540540540543,S18855290,16.354601669311524,0.07425569780170918,2.7173412799835206,0.8819298148155212,120.05877227783203,0.08472215384244919,0,gwwa,13.8333333333333,10,250,TRUE,-79.659977,39.5562397
1,1,0,0,0,0,0,0,0,S91414388,19.667659759521484,0.022236889228224754,2.913583278656006,0.8630415797233582,138.05320739746094,0.5296763122081757,0,gwwa,8.13333333333333,49,1287.5,TRUE,-84.3004491,36.2668268
0.75,0.75,0,0,0,0,0,0,0.25,S24005323,19.49686622619629,0.11050587644179662,2.678826888402303,0.7901598612467448,124.19245910644531,0.4585592523217201,0,gwwa,7.48333333333333,24,1207,TRUE,-74.4514275,41.0675748
0.8648648648648649,0.8648648648648649,0,0.08108108108108109,0.05405405405405406,0,0,0,0.13513513513513514,S57538627,15.958744684855143,0.22105895231167474,2.4789624214172363,0.8684340516726176,84.84474690755208,0.2550146390908751,0,gwwa,7.11666666666667,6,250,TRUE,-81.2618916,36.6678577
0.7142857142857143,0.7142857142857143,0,0,0,0,0,0,0.2857142857142857,S18964710,27.509909057617186,0.022042598575353622,3.192330837249756,0.5598278284072876,288.2791015625,0.16033961242064834,0,gwwa,15.65,25,1448.5,TRUE,-79.5125735,39.8595468
0.8857142857142857,0.5142857142857142,0,0,0,0,0,0,0.05714285714285714,S14568072,15.199624379475912,0.16948328663905463,2.554766813913981,0.9119081497192383,78.264801025390625,0.5949980081482367,0,gwwa,10.5,90,643.5,TRUE,-74.2379055,41.234391
1,0,0,0,0,0,0,0,0,S19063547,18.12529182434082,0.1609203964471817,2.8425705432891846,0.7166755199432373,149.90090942382813,0.09268814739253786,0.0546550452709198,gwwa,14.8333333333333,1,250,TRUE,-74.8476648,41.1881335
0.9375,0.9375,0,0.03125,0.03125,0,0,0,0.0625,S57848227,15.958744684855143,0.22105895231167474,2.4789624214172363,0.8684340516726176,84.84474690755208,0.1904071629313486,0,gwwa,6.65,8,250,TRUE,-81.2617702,36.6677027
0.7352941176470589,0.7352941176470589,0,0,0,0,0,0,0.2647058823529412,S113306251,15.841278076171875,0.08635862916707993,2.310257911682129,0.8802540898323059,99.5918960571289,0.1561101858407773,8.857505203321062e-4,gwwa,10,60,402.5,TRUE,-77.8984398,40.6752251
0.7878787878787878,0.48484848484848486,0.15151515151515152,0,0,0,0,0,0.21212121212121213,G2509707,11.00191879272461,0.3018135130405426,2.2822482585906982,0.9779596924781799,52.415958404541016,0.20621469589183106,0,gwwa,5.68333333333333,60,322,TRUE,-77.925682,40.66153
0.02857142857142857,0.02857142857142857,0,0,0.9714285714285714,0,0,0,0.9714285714285714,S38101861,7.39976437886556,0.5405371785163879,2.0810275077819824,0.9702340761820475,37.22704060872396,NA,NA,gwwa,13.5,25,603.5,TRUE,-78.9539337,39.601191300000004
0.19444444444444445,0.19444444444444445,0,0,0.4444444444444444,0,0,0,0.6666666666666666,S70541502,4.73856782913208,0.7156032919883728,1.7866839170455933,0.9983251690864563,22.871007919311523,0.6352330048878988,0,gwwa,13.3333333333333,6,250,TRUE,-79.041748,39.56236
0.6176470588235294,0.6176470588235294,0,0,0.11764705882352941,0,0,0,0.38235294117647056,S70567361,14.79246711730957,0.162894477446874,2.7231998443603516,0.9143269260724386,105.32226053873698,0.2946422045881098,0.007106679407033053,gwwa,10.3166666666667,85,528,TRUE,-81.6962952,36.3407827
0.4444444444444444,0.3333333333333333,0,0.05555555555555555,0.1388888888888889,0,0,0,0.4722222222222222,G4359699,13.125768661499023,0.2262664039929708,2.297434647878011,0.9059064586957296,89.58763376871745,0.0083930604159832,0.024708931644757588,gwwa,10.5833333333333,30,402.5,TRUE,-80.090899,38.354369
0.9166666666666666,0.9166666666666666,0,0.08333333333333333,0,0,0,0,0.08333333333333333,S114485570,15.68304697672526,0.012146922138830027,2.859582503636678,0.9349802533785502,73.80415598551433,0.8691570378012128,0,gwwa,10.1666666666667,140,871,TRUE,-75.0262356,41.3616071
1,1,0,0,0,0,0,0,0,S90944830,14.494758796691894,0.08490037471055985,2.67301721572876,0.9363404989242554,72.67061386108398,0.7720775976777077,0,gwwa,5.43333333333333,60,764.5,TRUE,-75.0028534,41.3782883
0.2777777777777778,0.19444444444444445,0,0,0.2777777777777778,0,0,0,0.7222222222222222,S38276903,13.040192604064941,0.28735318779945374,1.570475459098816,0.9903519749641418,26.06743812561035,0.06620819649348657,0,gwwa,16.85,77,563.5,TRUE,-77.357134,41.7764266
0.7777777777777778,0.7777777777777778,0,0,0,0,0,0,0.2222222222222222,S24108561,19.55033302307129,0.13843647638956705,2.748522679011027,0.7703490058581034,150.0316365559896,0.1826349629630004,0,gwwa,14.5,90,250,TRUE,-77.9688424,40.7556965
0.4864864864864865,0.4864864864864865,0,0.2972972972972973,0,0,0,0,0.5135135135135135,S37656614,14.481191317240397,0.17214757204055786,2.573137044906616,0.927609900633494,95.06833140055339,0.3708405079586165,0,gwwa,6.53333333333333,30,402.5,TRUE,-79.124383,39.456052
0.6388888888888888,0.5833333333333334,0,0,0.19444444444444445,0,0,0,0.3333333333333333,S113008761,20.05800437927246,0.10413741320371628,2.856421709060669,0.8156226277351379,155.0811004638672,0.47890940661493103,0,gwwa,11,15,250,TRUE,-79.626649,38.312097
0.6486486486486487,0.6486486486486487,0,0,0,0,0,0,0.2972972972972973,S14430564,18.286788940429688,0.09805928170681,2.819274425506592,0.8675962686538696,120.01473999023438,0.42561541351356674,0.0156157272202628,gwwa,19.1666666666667,100,603.5,TRUE,-77.97386,40.76048
0.8108108108108109,0.32432432432432434,0,0,0,0,0,0,0.1891891891891892,S70876149,9.9141845703125,0.424493670463562,2.200968106587728,0.9053796331087748,69.20231628417969,0.18955021373303366,0,gwwa,6.55,41,250,TRUE,-77.940617,39.706978
0.8857142857142857,0.37142857142857144,0.22857142857142856,0,0,0,0,0,0.11428571428571428,S30430343,15.75588607788086,0.21920353174209595,2.855614344278971,0.7616812586784363,97.31404876708984,0.34050981141626835,0,gwwa,6.25,120,804.5,TRUE,-74.5184087,41.0814671
0.5675675675675675,0.5675675675675675,0,0.21621621621621623,0,0,0,0,0.43243243243243246,S90687370,15.026026089986166,0.18535916010538736,2.666674534479777,0.9411235253016154,87.44868977864583,0.6416603455672393,0,gwwa,7.45,90,643.5,TRUE,-75.0843966,41.2114312
0.37142857142857144,0,0.37142857142857144,0,0.37142857142857144,0,0,0,0.5714285714285714,G5475270,8.01060676574707,0.4963636483464922,2.0063582999365672,0.9913117459842137,82.5020283290318,0.23479843906619968,0,gwwa,8.28333333333333,26,1046,TRUE,-78.0073795,40.3825243
0.6666666666666666,0.6666666666666666,0,0,0.1388888888888889,0,0,0,0.25,S90931898,17.189912796020508,0.06036701053380966,2.789137601852417,0.9485995769500732,89.7967300415039,0.7092071705881287,0,gwwa,5.8,15,402.5,TRUE,-79.7667812,38.0511545
0.7567567567567568,0.7567567567567568,0,0,0,0,0,0,0.24324324324324326,S113131039,22.661054611206055,0.016735058883205055,2.9809420585632322,0.6978699326515198,147.65054779052736,0.34597087450205316,0,gwwa,7.8,65,773,TRUE,-77.951136,40.789936
0.02857142857142857,0.02857142857142857,0,0,0.9714285714285714,0,0,0,0.9714285714285714,S57759054,7.39976437886556,0.5405371785163879,2.0810275077819824,0.9702340761820475,37.22704060872396,NA,NA,gwwa,7.06666666666667,55,1006,TRUE,-78.9539337,39.601191300000004
0.5833333333333334,0.5833333333333334,0,0,0.2777777777777778,0,0,0,0.3611111111111111,S71571108,16.008769989013672,0.17149615287780762,2.7556095123291016,0.9224293828010559,108.0762939453125,0.22541273302502102,0,gwwa,10.4833333333333,37,869,TRUE,-81.6969448,36.3426904
0.9444444444444444,0.8055555555555556,0,0,0,0,0,0,0.05555555555555555,S46600912,13.04035758972168,0.32696253061294556,2.7110908031463623,0.8338192701339722,113.28949737548828,0.48956669949822956,0,gwwa,11.5,90,1207,TRUE,-79.3357247,40.0907373
0,0,0,0,0.7777777777777778,0,0,0,0.9722222222222222,G6229974,4.8147759437561035,0.630320688088735,1.7426724433898926,0.9989312092463175,14.766417503356934,NA,NA,gwwa,14,120,804.5,TRUE,-79.539299,38.5243628
0.25,0.25,0,0,0.7222222222222222,0,0,0,0.7222222222222222,S58488036,14.346831957499186,0.30551909406979877,2.5806793371836343,0.802174965540568,83.29679489135742,0.26351304799318315,0,gwwa,9.75,20,250,TRUE,-79.600959,38.404897
0.71875,0.0625,0.09375,0,0,0,0,0,0.28125,G8716434,17.180267969767254,0.11240126316746075,2.7091875076293945,0.8762996991475424,93.88984680175781,0.2825659310910851,0.03656753752147779,gwwa,10.3333333333333,17,250,TRUE,-75.1350391,41.1568081
0.2777777777777778,0.2777777777777778,0,0,0.4722222222222222,0,0,0,0.6944444444444444,G651467,9.38029956817627,0.31592416763305664,2.0875749588012695,0.9800029993057251,51.35725402832031,0.34125205874443054,0,gwwa,9.65,51,250,TRUE,-79.5213774,38.5344286
0.9714285714285714,0.9714285714285714,0,0.02857142857142857,0,0,0,0,0.02857142857142857,G1820916,3.6154866218566895,0.8170814752578736,1.6660352945327759,1,16.105593490600587,0.6399716138839722,0.0024356130382110334,gwwa,5.88333333333333,104,1046,TRUE,-75.850031,41.160125
0.19444444444444445,0.19444444444444445,0,0,0.5,0,0,0,0.7777777777777778,S90243695,9.38029956817627,0.31592416763305664,2.0875749588012695,0.9800029993057251,51.35725402832031,0.600464716553688,0,gwwa,10.7,31,384.5,TRUE,-79.5219055,38.5342741
0.6571428571428571,0.6571428571428571,0,0,0.08571428571428572,0,0,0,0.34285714285714286,S30399128,14.79246711730957,0.162894477446874,2.7231998443603516,0.9143269260724386,105.32226053873698,0.28603301048278806,0.005211564898490906,gwwa,10.633333333333301,15,250,TRUE,-81.6961143,36.3408293
0.5,0.4411764705882353,0,0,0,0,0,0,0.35294117647058826,S91924117,16.180281321207683,0.08128715554873149,2.7952791849772134,0.8709649244944254,138.2267812093099,0.33157414197921753,0.09680687529700142,gwwa,6.7,62,402.5,TRUE,-82.7487425,35.4152569
0.8857142857142857,0.5142857142857142,0,0,0,0,0,0,0.05714285714285714,S24135075,15.199624379475912,0.16948328663905463,2.554766813913981,0.9119081497192383,78.264801025390625,0.5949980081482367,0,gwwa,9.36666666666667,3,500,TRUE,-74.2379055,41.234391
0.7567567567567568,0.7567567567567568,0,0,0,0,0,0,0.24324324324324326,G1342696,22.661054611206055,0.016735058883205055,2.9809420585632322,0.6978699326515198,147.65054779052736,0.34597087450205316,0,gwwa,9.5,150,804.5,TRUE,-77.951136,40.789936
0.46875,0.46875,0,0,0,0,0,0,0.53125,S30300202,12.287738800048828,0.24719168742497763,2.1537495454152427,0.983068605264028,50.01733144124349,0.18413968522239615,0,gwwa,7.13333333333333,60,250,TRUE,-78.0071998,40.53494
0.02857142857142857,0.02857142857142857,0,0,0.9714285714285714,0,0,0,0.9714285714285714,G1823576,7.39976437886556,0.5405371785163879,2.0810275077819824,0.9702340761820475,37.22704060872396,NA,NA,gwwa,9.16666666666667,120,804.5,TRUE,-78.9539337,39.601191300000004
0.02857142857142857,0.02857142857142857,0,0,0.9714285714285714,0,0,0,0.9714285714285714,S37645752,7.39976437886556,0.5405371785163879,2.0810275077819824,0.9702340761820475,37.22704060872396,NA,NA,gwwa,8.26666666666667,173,1207,TRUE,-78.9539337,39.601191300000004
0.2,0.2,0,0.02857142857142857,0.5142857142857142,0,0,0,0.8,S90524472,12.605759620666504,0.3487746814886729,2.1650490760803223,0.9823869268099467,56.33230717976888,0.23439066750662668,0,gwwa,10.75,151,402.5,TRUE,-77.1374278,41.8146784
0.4166666666666667,0.4166666666666667,0,0,0.5833333333333334,0,0,0,0.5833333333333334,G5466216,15.139495849609375,0.2656884839137395,2.4525605042775473,0.8931755423545837,107.4790267944336,0.6026342126230398,0,gwwa,9.11666666666667,126,804.5,TRUE,-82.0491397,36.1470008
0.8857142857142857,0.5142857142857142,0,0,0,0,0,0,0.05714285714285714,S46759581,15.199624379475912,0.16948328663905463,2.554766813913981,0.9119081497192383,78.264801025390625,0.5949980081482367,0,gwwa,15.2833333333333,98,965.5,TRUE,-74.2379055,41.234391
0.0625,0.0625,0,0.59375,0.15625,0,0,0,0.90625,S92011177,13.500941549028669,0.16392591808523452,2.5774435656411305,0.991777913911002,76.87431226457868,0.46125654339790345,0,gwwa,16.75,5,250,TRUE,-75.1090299,41.2312788
0.8333333333333334,0.1111111111111111,0.3333333333333333,0,0.1111111111111111,0,0,0,0.16666666666666666,S18935165,10.931709480285644,0.21147197782993316,2.2567288398742678,0.9952117085456849,41.09328918457031,0.11162037296841541,0.0015568313499291738,gwwa,6,30,804.5,TRUE,-77.3500321,40.6351381
0.4166666666666667,0.4166666666666667,0,0,0.5833333333333334,0,0,0,0.5833333333333334,S25905361,15.139495849609375,0.2656884839137395,2.4525605042775473,0.8931755423545837,107.4790267944336,0.6026342126230398,0,gwwa,15,180,1000,TRUE,-82.0491397,36.1470008
0.4166666666666667,0.4166666666666667,0,0,0.5833333333333334,0,0,0,0.5833333333333334,S58563625,15.139495849609375,0.2656884839137395,2.4525605042775473,0.8931755423545837,107.4790267944336,0.6026342126230398,0,gwwa,6.83333333333333,128,1046,TRUE,-82.0491397,36.1470008
0.7352941176470589,0.7352941176470589,0,0,0,0,0,0,0.2647058823529412,S37849482,15.841278076171875,0.08635862916707993,2.310257911682129,0.8802540898323059,99.5918960571289,0.1561101858407773,8.857505203321062e-4,gwwa,8.25,20,1126.5,TRUE,-77.8984398,40.6752251
0.75,0.75,0,0,0.21875,0,0,0,0.21875,G3290346,14.661881764729818,0.14844374855359396,2.7241851488749185,0.9145728349685669,77.70252736409505,0.6644523364420121,0.015594235979593717,gwwa,6.65,137,1448.5,TRUE,-75.097092,41.556932
0.6486486486486487,0.40540540540540543,0.24324324324324326,0,0,0,0,0,0.35135135135135137,S70639119,22.41733519236247,0.17225906749566397,2.8491570154825845,0.6545060873031616,185.75931549072266,0.23627499668285823,0.02853710440775523,gwwa,13.133333333333301,50,402.5,TRUE,-77.934019,40.666413
