checklist_id,aet,pdsi,pet,pr,soil,tmmn,tmmx,vpd,def,Npp,slope,tpi,chili,species,time_observations_started,duration_minutes,effort_radius_m,species_observed,lon,lat
G8594052,1143.3786937699983,163.042913608131,1247.4012798795409,126.26312817617166,692.0649350649352,134.87596461509503,257.0045172219085,80.29154903067948,104.02258610954254,8921.091473743649,2.7041275003171297,-23.81822668202007,185.40144546649145,gwwa,9.5,39,250,FALSE,-74.636433,41.817033
S24398787,1095.5985807441507,153.5230149597238,1351.4900268507863,118.32105868814732,473.91081703107017,150.37514384349828,278.3722669735328,102.94188722669735,255.8914461066356,8180.607594936709,1.7408811904133765,-3.826608879555578,190.76621442506757,gwwa,9.48333333333333,50,804.5,FALSE,-75.8604277,41.2909423
G5604348,1090.0553947114456,157.7963713568809,1366.7571897317118,111.08878594865854,509.20845396641573,154.67014089944024,286.70063694267515,109.03802354757768,276.7017950202662,7514.917776491025,1.2947301680308292,-16.586796246648795,192.87610915787707,gwwa,9.61666666666667,8,250,FALSE,-77.2113982,40.7473616
S92013262,1081.034604105572,168.18084066471164,1355.3268817204303,100.09364613880743,699.5290322580646,162.18142717497562,284.558357771261,104.9106549364614,274.2922776148582,7797.2774193548385,5.050790400383521,-22.837924623964845,200.00321108669937,gwwa,18.5166666666667,6,250,FALSE,-77.980177,40.196017
S92186061,1150.2885719944545,262.74450386215096,1354.5965537730244,113.99940582293524,691.6064567241039,164.02515349574173,286.3176866706279,98.34878193701725,204.3079817785699,6475.216280451576,4.135630425556853,-1.4678928343610458,196.21032167917136,gwwa,9.91666666666667,71,804.5,FALSE,-81.9703245,40.0311716
S90886837,1109.754680563598,209.2841150357074,1347.1901177378888,106.04130476741943,609.45396641575,155.41961011387767,278.99710480602204,95.09129511677283,237.43543717429088,6891.2206137811245,8.076694833574805,-18.66302390561938,186.80678218744185,gwwa,16.25,30,402.5,FALSE,-80.8657641,40.6224394
S14793401,1069.606441776253,163.90680388793598,1176.9304364398704,125.6994473032209,680.454926624738,125.34324375833812,245.3645892891176,69.04974271012007,107.32399466361744,9092.74156660949,5.959067001484554,5.249049743843993,191.39540647719767,gwwa,10.3,1,250,FALSE,-76.42963,41.48099
S38104623,1101.9227272727273,129.36212121212122,1275.2484848484848,117.05378787878786,553.519696969697,133.98484848484847,258.4666666666667,83.32954545454545,173.3257575757575,8023.118181818182,7.87154629790497,-23.6173855778729,205.7252385653176,gwwa,7.5,75,250,FALSE,-75.8251101,41.7044309
S19224101,1093.091470258137,215.9120838009727,1218.3735503179948,127.40759446315003,536.4635241301909,128.26786382341936,255.469696969697,76.53292181069959,125.28208005985789,9634.387205387206,6.373565646485827,-58.351165080406965,191.79671862182119,gwwa,13.25,105,250,FALSE,-75.2642602,41.8669442
S113633517,1096.8408131952435,142.3899117759877,1359.6085538933642,113.0247410817031,442.5095895665516,159.31012658227846,286.49712313003454,108.71538166474873,262.76774069812063,6495.135788262371,10.82155102066228,2.9514319209512663,191.03516998827664,gwwa,18.8666666666667,11,250,FALSE,-76.9387734,40.7528514
S46824619,1073.5454545454545,87.03030303030303,1318.5757575757575,98.0909090909091,678.6060606060606,158.27272727272728,287.1515151515151,96.60606060606061,245.030303030303,7556.493593654666,8.90051759410632,4.117346604675529,203.17950900163663,gwwa,15.633333333333301,34,402.5,FALSE,-80.566628,37.1346612
S114605070,1073.351515151515,153.44583333333333,1240.6770833333333,119.91268939393937,579.0183712121212,123.33446969696969,256.08977272727276,73.46231060606061,167.3255681818182,8932.64034090909,8.184957839202866,-22.9880385307505,186.38589343351504,gwwa,16.0666666666667,90,603.5,FALSE,-78.6709024,41.9450197
S38217774,1113.6177156177155,86.96503496503496,1327.6860916860917,116.27641802641801,451.2801087801088,145.49339549339547,271.60703185703187,93.67229992229993,214.0683760683762,6966.156177156177,9.045428180917572,0.736691855583543,203.92031538332492,gwwa,11.2333333333333,1,250,FALSE,-79.1935408,40.6246289
S47249230,1082.8330544710914,165.55289087190928,1250.279791782859,113.67968023796247,553.154489682097,136.73173452314558,255.69957241122887,84.06320877486523,167.44673731176772,8003.7791411042945,7.598860034864783,-14.706814810249725,186.55228059054988,gwwa,17.1666666666667,11,1456.5,FALSE,-74.208498,42.421802
G1820342,1001.7763440860216,38.489540566959924,1359.1624633431086,91.61896383186705,484.9192570869991,148.5042033235582,282.2187683284458,102.54936461388075,357.386119257087,7632.085630498535,1.6367792633854799,-27.792645556690502,194.3696392103472,gwwa,11,20,250,FALSE,-78.6520672,39.7016398
S70955908,1224.9628004179729,123.20982236154651,1437.0349007314524,122.64869383490074,909.6029258098224,191.76865203761753,312.7575757575758,114.48526645768024,212.0721003134795,5726.588087774295,3.220428958938864,-14.418523931311652,212.3695453715538,gwwa,12.1833333333333,9,250,FALSE,-85.118667,34.635676
G8586419,1047.879740804269,137.36821040594626,1246.693348580141,110.1370306842005,521.0053363826948,132.12502382313704,256.9412997903564,78.05850962454736,198.81360777587201,9352.126929674101,12.131704095029837,7.373655469137845,211.03190610018186,gwwa,12.4833333333333,14,250,FALSE,-76.82848,41.477016
S24126656,1173.1745301112392,82.45339470655927,1358.2568085922517,127.25028768699654,650.1407748369775,159.70214806290755,282.3841580360568,112.0264672036824,185.0822784810125,7207.824510932106,5.202344285599026,-3.1515859666880015,190.592787187807,gwwa,16,60,804.5,FALSE,-74.2794496,41.3284361
S47102224,1300.0755471380473,-17.276094276094277,1375.4501262626263,176.5281986531987,824.2716750841752,160.85290404040407,275.93834175084174,84.37121212121212,75.37457912457899,5512.479166666667,12.9409117211903,29.275254334431857,197.12162342872432,gwwa,9.08333333333333,105,1046,FALSE,-82.7770472,35.064814
S58168643,1199.7272727272727,139.06060606060606,1356.7878787878788,128.6969696969697,819.4545454545455,159.8181818181818,283,109.06060606060606,157.060606060606,7147.294591484464,8.67353531910497,14.480435859336309,179.41287128712875,gwwa,10.8666666666667,20,250,FALSE,-74.008835,41.554507
S50735963,1079.7325605043727,116.96766320927397,1303.164734594265,99.70896888346554,683.9694935936548,155.43237746593456,281.5485051860891,91.84828147244255,223.43217408989221,8337.942037827945,19.618904673220005,-21.36478650500791,172.75654312313367,gwwa,10.5,3,250,FALSE,-80.764452,37.503375
S114463056,1219.5336142885815,331.4703993578165,1337.096728878186,129.31868352398152,1054.2649006622519,169.8882199478226,296.394742123219,100.38832028898254,117.56311458960454,6636.8892233594215,5.605504205641776,-21.06014663849881,199.29663228532368,gwwa,9.36666666666667,71,292.5,FALSE,-82.471,38.489016
S24107690,976.8855661881978,-38.151315789473685,1389.2422248803828,89.38217703349282,490.3185805422648,163.4164673046252,297.2332535885168,116.48265550239235,412.35665869218496,6974.358253588516,5.325029720863287,11.368930361154312,198.46499567847883,gwwa,17.9166666666667,15,250,FALSE,-78.6902618,38.6318909
S38002084,1177.900826446281,-128.30366603093876,1488.4414070777707,111.45263827082009,901.7168891714347,199.29985166348803,323.40686586141135,129.5653740199195,310.5405806314898,6707.851239669422,4.5983979723108295,-4.068295391449195,207.55048076923075,gwwa,10.5,15,250,FALSE,-85.7877225,33.6008595
S24089854,982.3231658692185,-28.933811802232853,1394.4433811802232,91.81877990430623,435.1792264752791,164.06618819776716,296.11682615629985,115.60167464114832,412.1202153110047,6745.325358851675,2.2211176746410515,-4.143898628710294,200.9618254381398,gwwa,6.41666666666667,75,250,FALSE,-78.9725067,38.3795089
S46935260,1073.3704789833819,134.7429130009775,1238.2715542521992,108.2455522971652,605.6371456500488,133.5212121212121,251.2144672531769,72.83558162267839,164.9010752688173,7790.693255131963,4.458908119610752,-19.355646397547268,188.05365355135413,gwwa,6.01666666666667,16,250,FALSE,-79.094393,39.691605
S38321718,1053.7620500305065,42.13768558063861,1325.5289810860281,94.17063249949156,695.0073215375229,154.68130974171245,282.5483018100468,94.8338417734391,271.7669310555216,7301.518608907871,3.0311021765041914,-4.690463599506435,204.06506788926112,gwwa,19.0166666666667,6,250,FALSE,-80.4154265,37.2350778
S46938320,1245.5757575757575,-21.824494949494948,1402.2666245791245,136.7239057239057,752.1944444444443,170.4549663299663,294.93792087542084,96.21969696969695,156.69086700336698,5826.229166666667,6.910878016336914,6.735845621700348,201.44072118011294,gwwa,6.75,120,250,FALSE,-84.40589,34.91155
S24214708,1077.3576505798728,213.68948746726528,1246.015338570894,117.93901982790874,478.5491956603068,134.36475869809206,254.59334081556304,77.93265993265993,168.65768799102125,7583.4612794612785,5.740516930765721,-9.039400502469027,178.85058566675903,gwwa,13.2666666666667,22,740.5,FALSE,-75.975758,42.402675
S57909299,1142.446631924339,179.40455510519206,1294.9849449913143,127.76954255935148,565.688091102104,144.33622852731133,268.67998455896554,89.61841343370006,152.5383130669752,8673.042848870873,8.302501441978755,-20.759431074271173,178.85168972983155,gwwa,6.08333333333333,50,643.5,FALSE,-76.049524,41.169717
S30458800,1152.7831374974232,-13.252937538651823,1335.92846835704,113.4337250051536,896.2698412698413,162.03421974850548,283.20985363842516,96.30488559059988,183.1453308596167,6724.747062461349,10.655372182706072,-14.016202471349716,197.21046659054767,gwwa,6.25,105,1207,FALSE,-80.3962755,36.6407382
G8651860,1185.755500207555,78.3329182233292,1270.073889580739,138.58115400581156,786.3171440431715,150.43628061436283,264.1216272312163,72.38605230386051,84.31838937318389,8717.846824408469,7.2834581388641055,-50.905558553696714,205.92773683264423,gwwa,7.7,3,250,FALSE,-82.1840957,35.76972
S113150136,1066.3504169208868,129.91763270286762,1218.7909294285132,103.04840349806793,942.4390888753303,138.77526947325606,251.62822859467155,68.98779743746186,152.4405125076264,8942.757779133619,2.4920334140213787,9.113462208289796,199.00984063398067,gwwa,14.05,75,350,FALSE,-80.523262,37.3749569
S70675049,1014.6965955854846,214.65057987280213,1341.0473251028807,99.85821174710064,388.336887392443,138.9350916573139,274.69248035914705,96.75028058361393,326.3507295173961,8062.831088664422,3.9890424685501586,-25.059794151282464,189.2907337800294,gwwa,13.5,2,250,FALSE,-77.0319942,42.1360014
S24236933,1179.2700421940929,71.62792481779825,1378.8711162255468,134.99079401611044,488.0080552359033,158.59148446490215,285.27119294207904,109.89221327196009,199.6010740314539,8292.571921749139,8.867367704790821,-6.461137564257454,192.41134936618886,gwwa,11.3166666666667,76,643.5,FALSE,-74.5518721,40.7445813
S91244159,1196.6572622779522,72.41692789968654,1419.0522466039706,124.58829676071058,630.5245559038663,179.21734587251834,302.6917450365727,111.51933124346918,222.3949843260184,5943.583072100314,5.736426101284804,-26.52395309882745,203.41582942621113,gwwa,14.8666666666667,30,314,FALSE,-81.752567,35.642834
S92435691,1158.9153535353537,141.61252525252524,1315.0430303030303,116.15979797979799,1188.7850505050505,160.05656565656565,274.1719191919192,91.8810101010101,156.12767676767658,7950.09090909091,15.195767561560322,47.27573007919141,178.46352640994385,gwwa,17.15,71,1183,FALSE,-78.5487168,38.3385489
S92182213,1131.6558033161807,190.71869639794167,1359.7181246426528,118.10120068610632,461.1503716409377,156.38879359634078,287.1309319611206,107.7392795883362,228.0623213264721,6117.044596912521,1.773488288575839,-2.5589752121111298,192.08189081225032,gwwa,13.0166666666667,16,250,FALSE,-76.7437184,41.0945089
S70651833,1228.60915275201,269.13708513708514,1407.0437023294166,133.74376417233563,704.57967429396,185.9270253555968,305.97649969078543,109.95506081220368,178.43454957740664,7451.272727272727,3.732451700699813,-6.213920306942174,205.19179806942856,gwwa,20.0333333333333,41,724,FALSE,-83.8334601,35.771098
S58449722,1220.5263594852636,264.2758405977584,1400.9213366542135,127.47135740971358,757.0481527604816,189.06164383561645,304.40099626400996,110.83229555832295,180.39497716894994,6629.579701120798,2.9704028340195885,-7.806034482758621,204.73491379310346,gwwa,18.9833333333333,5,250,FALSE,-84.0117967,35.9261974
S30379878,1033.087542087542,68.43640104751216,1261.3471754582865,108.36045641601196,492.72708567153006,122.88327721661052,258.42068836513283,78.64365881032548,228.2596333707445,7389.378787878788,4.143879136200368,-7.886951598479051,187.29842564772338,gwwa,6.16666666666667,80,1207,FALSE,-78.1491154,42.4248018
S38218502,1148.9239453357102,168.54307783719548,1379.7498514557337,103.98514557338086,812.6411170528817,163.38799762329174,291.09090909090907,103.68330362448008,230.82590612002355,5953.181818181818,5.544821764030895,-10.537141767808347,194.6896420169135,gwwa,11.6666666666667,33,402.5,FALSE,-82.5136566,39.1459949
S14450348,1095.5145611963794,83.6611570247934,1221.5501770956319,120.72648563557654,527.5194805194806,132.65584415584416,250.5039354584809,72.93722943722943,126.03561589925243,8481.416174734355,3.3343415582776164,-5.589099607039125,198.81325815820944,gwwa,15.5,60,250,FALSE,-79.4618669,39.4815205
S71244808,1282.4283258113044,79.12465076294862,1503.083601977219,125.41414141414143,998.9473457984094,206.53814743176446,324.20760799484196,125.81990113905006,220.65527616591453,6451.457769181174,3.8882468974355904,1.0902325581395345,216.97713329615166,gwwa,22.6333333333333,5,250,FALSE,-86.7653283,33.2368937
S18835501,1087.3430953833638,-1.3302826926988,1255.5527760829775,108.47081553792962,917.7413056741915,144.44702054098025,262.0898922106976,78.25483018100468,168.20968069961373,7592.03538743136,7.081841688866222,-10.950656727014556,190.93806566104703,gwwa,10.2166666666667,50,250,FALSE,-80.4062963,36.7650513
S70737530,1089.0828025477706,179.2086469793476,1331.881683072766,112.32677089364987,474.99054236633856,149.20787492762017,278.05134143987647,94.89114070642732,242.7988805249954,7895.579617834394,2.034376421996481,4.598380020249747,191.9643941950725,gwwa,8.96666666666667,63,250,FALSE,-79.1788142,40.2772396
S30758606,1017.5790811339198,51.993743890518076,1390.9913978494624,101.83069403714565,411.7448680351905,167.65728250244376,289.866275659824,118.78377321603126,373.4123167155426,6041.929618768328,1.780465390287122,-0.3350803043110736,194.0730593607306,gwwa,7.15,35,250,FALSE,-77.146309,40.181405
S113068376,1238.3740856844304,99.43991640543365,1283.584117032393,166.66666666666666,863.8944618599791,154.2528735632184,267.3030303030303,68.10344827586208,45.21003134796251,6497.65329153605,12.060708721310915,-4.956799125045571,200.39598540145985,gwwa,14.4,47,250,FALSE,-83.9226508,34.7421944
S38397087,1136.9593979005742,165.85204991087343,1371.7898593780947,103.42345018815605,775.9813824519706,163.4450386215092,289.9352346999406,103.83402653990889,234.83046147752043,6242.92275698158,3.509050731506382,-1.3044264579442015,196.5792647494812,gwwa,7.75,135,1287.5,FALSE,-82.189464,39.2507952
S82505382,1082.224633431085,171.3739980449658,1364.6007820136854,105.73763440860216,421.62834799609,160.81915933528836,287.67214076246336,103.46099706744867,282.3761485826003,7067.892082111437,2.758734187210629,-0.9723212769570388,193.66072338257766,gwwa,15,35,250,FALSE,-79.9661511,39.8844476
S115187169,1145.2152133580705,185.33766233766238,1297.357452071738,119.06184291898577,622.1533704390847,161.69016697588125,284.47371675943106,92.21150278293138,152.14223871366744,8086.667903525047,4.802632881394625,-3.8221709006928415,206.0898597052033,gwwa,13.0333333333333,17,250,FALSE,-81.9698632,36.7075346
S90246992,1195,131.63636363636363,1492.4242424242425,119.9090909090909,606,199.6060606060606,320.3030303030303,120.63636363636364,297.4242424242425,5464.717736808646,4.714360281408799,-2.1546190973496295,203.83833737795587,gwwa,16.85,37,617,FALSE,-86.3181129,34.3527591
S71923269,1178.6871260374444,170.03686546998645,1346.8998262883613,130.3080486392588,578.2020845396642,150.74039760663962,280.39529048446246,99.01621308627678,168.2127002509169,7743.319050376375,2.583481910165541,-9.96921017402945,193.95030120481928,gwwa,9.58333333333333,9,250,FALSE,-75.381347,40.790657
S71538411,1240.9354772211914,257.28200371057517,1371.1228612657187,144.2939600082457,769.6382189239332,171.85446299732018,294.7320140177283,95.7262420119563,130.18738404452733,6559.577612863327,11.804663401249515,6.115730741540678,218.01510791366908,gwwa,6.73333333333333,60,250,FALSE,-83.668069,35.778447
S115776527,1234.643166357452,281.5283446712018,1322.1902700474127,137.14223871366727,1150.3871366728508,165.15769944341372,287.7485054627911,93.03483817769532,87.54710368996075,7763.168831168831,5.2552113108329905,-4.473955555555555,203.5657894736842,gwwa,6.75,180,250,FALSE,-83.3767462,36.6489935
S37605172,1051.3922558922561,97.5909090909091,1227.0185185185185,114.80471380471381,615.5420875420876,110.64141414141416,251.25925925925927,73.15151515151516,175.62626262626236,7844.30808080808,6.8319689054087,12.74273587985635,197.22311082095644,gwwa,12.7333333333333,60,250,FALSE,-77.8345406,42.1652802
S113197433,1089.7422274695002,189.77705627705626,1356.5242030696575,105.34415584415582,430.10271546635175,158.87504919323098,284.26485635576546,101.79948839039747,266.78197560015724,6933.716646989373,6.720688276267645,-7.299932409597837,196.94237918215612,gwwa,10.4166666666667,17,250,FALSE,-80.094856,40.207021
S37782101,1123.8617298815975,34.921332530604055,1355.9319686935578,102.8364439092916,828.1190046156933,158.81477021874372,277.0594019666867,97.57896849287577,232.07023881196028,7101.763997591812,17.096538913144247,24.964754410228235,169.83116820369736,gwwa,16.2333333333333,120,1287.5,FALSE,-78.8995,37.9604
S114496415,1110.9248035914702,209.63973063973063,1253.2315750093526,121.78713056490832,537.7650579872802,126.20987654320987,252.90460157126824,78.23251028806582,142.30677141788237,7852.2435465768785,9.60713589074953,-21.46677551020408,164.43803000652318,gwwa,19,67,250,FALSE,-75.185002,42.2148603
S116051436,1094.4178729974908,182.26442771665702,1366.8380621501642,104.93167342211929,459.8399922794827,159.82956958116196,283.1713954834974,101.73093997297819,272.4201891526734,7087.291835552981,9.604486823815925,-7.84365940183211,190.2348860257682,gwwa,17.4333333333333,144,1022,FALSE,-80.3389578,40.643858
S57506598,1098.4440703329592,200.33183688739243,1255.5705200149644,117.70781893004116,491.77665544332206,131.76393565282453,256.9652076318743,79.3475495697718,157.12644968200516,7703.873737373738,4.327518280951675,-4.48806267097737,184.42488292096647,gwwa,13.4166666666667,50,483,FALSE,-75.6146586,42.3756085
S114238295,1195.3838383838383,180.6969696969697,1367.6726884226882,133.5359362859363,463.37509712509717,168.06526806526804,285.38247863247864,105.20920745920746,172.2888500388499,7203.907342657342,14.976140033766672,-14.685560053981105,169.96863406408096,gwwa,11.55,23,250,FALSE,-75.716086,40.326969
S115169208,1190.4443157691564,153.77031461107893,1320.532908704883,130.202277552596,757.8728044779,151.32078749276198,277.14611078942283,95.77456089557998,130.08859293572664,8440.350897510132,9.912119834320158,-3.519157412901587,192.39944903581267,gwwa,8.78333333333333,51,483,FALSE,-74.6225811,41.0403283
S24157014,1167.3941299790356,93.99180484086146,1361.1400800457404,125.39069944730323,648.8294263388603,159.3255193443873,283.59862778730707,112.3621116828664,193.74595006670484,7090.3436249285305,2.801056519714027,-4.47068532258784,189.99891461111855,gwwa,10.8333333333333,60,804.5,FALSE,-74.3286896,41.3953547
G6949727,1099.685462217108,158.56118143459915,1319.8973916378977,113.2945914844649,616.2518220176448,145.47065592635212,276.7706175680859,96.457805907173,220.21192942078983,8983.65995397008,5.293599511403015,2.432368703108254,197.4392871499397,gwwa,11.5833333333333,60,603.5,FALSE,-77.6022209,41.1610052
S90746753,1135.556138306138,230.29584304584304,1340.2387334887335,109.65268065268066,697.6371406371405,162.1993006993007,280.48504273504267,96.39529914529912,204.68259518259538,6554.980186480186,3.9289076180329348,-1.260042582098194,194.56964466449654,gwwa,8.7,25,1456.5,FALSE,-81.0304883,40.1722683
S37902327,1098.4047911547912,15.380630630630632,1292.908271908272,103.22522522522523,855.4957002457003,146.12162162162164,267.42956592956597,81.76678951678952,194.50348075348074,7867.584766584767,10.43449954224231,12.031960781192796,202.7347702201493,gwwa,9.5,60,804.5,FALSE,-80.450711,36.7870176
S47528986,1178.884541618719,108.86919831223629,1351.8419639432295,124.8091676256233,702.1070195627157,156.2794399693134,283.6474875335635,107.97084771768316,172.95742232451062,6888.517261219792,3.3654392063622685,-0.05132287729531808,194.14488289736033,gwwa,17.6166666666667,20,804.5,FALSE,-74.4642813,41.344181
S57900217,1156.2610417904536,263.9136462665874,1352.0077243018418,111.78748266983561,769.0772430184195,167.90889285006932,284.5407011289364,93.07684690037631,195.74668251138814,6828.402257872846,10.27615678584348,-38.64068669527897,211.31010811738463,gwwa,7,120,250,FALSE,-83.2173157,39.1573528
S90644453,1255.2356902356903,106.22558922558925,1303.6060606060603,175.16161616161614,747.8922558922559,149.61616161616163,269.8181818181818,71.67676767676768,48.37037037036998,7747.947601010101,22.640386372111646,32.40446136378815,196.72188835470087,gwwa,11.6166666666667,12,404,FALSE,-83.445052,35.034597
S92396489,1236.3544409613373,162.164263322884,1440.9086729362589,129.18432601880878,765.2081504702194,190.62737722048067,314.24723092998954,117.15423197492164,204.55423197492155,7120.418181818182,2.5281479246955993,-4.75357595509687,206.83804347826091,gwwa,20.1333333333333,15,250,FALSE,-84.852033,35.226025
G8589805,1104.1806375442738,155.88488783943328,1331.2138921684377,105.25009838646203,627.5090515545061,153.57477371113734,287.5820543093271,98.06828020464384,227.03325462416387,8286.922077922078,18.098533268261157,-51.15285419532324,194.48770844077703,gwwa,11.9,15,250,FALSE,-79.0867487,39.0002739
S92463904,1105.8496654860292,168.15131837859107,1296.75049193231,106.58658008658008,875.2404565131837,148.74163715072805,271.8614718614719,88.11019283746556,190.90082644628092,8216.048406139314,10.995846971127001,-47.817619477403305,204.18675242857458,gwwa,12.9166666666667,28,676,FALSE,-78.6462682,38.9378915
S24134891,1152.104720676149,38.392084106369815,1403.793856936714,119.56565656565658,629.0603999175428,187.53762110904967,302.53411667697384,112.63224077509791,251.68913626056496,6716.642706131078,2.5429922395380657,-7.108277967319091,201.77977044476324,gwwa,13.9666666666667,2,250,FALSE,-83.890942,35.951262
S24147437,1081.5257575757576,103.4121212121212,1243.4121212121213,119.07575757575758,517.6257575757576,126.67575757575757,257.6378787878788,75.43636363636364,161.88636363636374,9082.272727272728,3.1050990892430304,-3.6038447825053477,191.74972516861277,gwwa,10.3166666666667,120,804.5,FALSE,-79.0713501,41.4496747
G647850,1035.4790580968925,160.16965836711057,1296.2416521906969,102.34742327735958,616.5325226790194,149.20652383709705,275.7784211542173,95.07566106929163,260.7625940938044,7073.909090909091,4.527892264867826,-12.595298068849704,196.9850595937553,gwwa,8,10,250,FALSE,-78.1405149,40.5857025
S24161470,1039.2513597513598,75.35431235431236,1362.0524475524473,98.82128982128981,403.7804972804973,155.76301476301472,277.8267288267288,99.1013986013986,322.80108780108753,7410.960372960372,8.216616069459919,22.584695769425252,186.1568032372281,gwwa,9.41666666666667,18,250,FALSE,-80.4697386,40.3577295
G3315253,1141.295609152752,56.17666460523602,1284.843743558029,113.60956503813648,739.7577819006391,147.9882498453927,272.29581529581526,82.33704390847247,143.5481344052771,8288.445887445887,9.510374968796947,-38.60833184974187,197.70162008189433,gwwa,19.85,19,250,FALSE,-81.1044612,36.5684139
S90818785,1112.5212888377444,193.04948216340622,1361.6240889911778,114.08093594169544,454.8872266973533,154.9969313387035,287.1377061756809,106.56962025316456,249.10280015343346,6315.639815880321,3.155367558909193,-0.7097215909417802,191.99264147469674,gwwa,9.28333333333333,104,1287.5,FALSE,-76.7556145,41.2345057
S114621427,1075.7004002287022,139.2235563178959,1273.3933676386507,115.46540880503143,649.0731846769582,129.08576329331046,265.3299028016009,82.64608347627214,197.69296740994855,9558.830188679247,10.217771820029892,-36.03913474240423,196.080198019802,gwwa,16,180,250,FALSE,-78.032892,41.564184
S24247428,958.4367201426024,65.76708259061202,1391.3440285204993,87.41057635175282,417.29411764705884,156.58348187759952,296.90730837789664,114.92869875222816,432.9073083778968,7241.812834224601,1.635125686751546,-11.37557564386833,197.8544865233709,gwwa,9.55,16,250,FALSE,-78.7463093,39.5849208
S30357419,1128.326504481434,-158.84314980793854,1507.0772513871104,103.12846777635511,665.6967562953479,199.32778489116518,324.739863422962,132.39671361502346,378.75074690567635,5570.409090909091,7.567059999379661,9.880745800258444,205.2336966561981,gwwa,17.4166666666667,20,250,FALSE,-85.7633972,33.7837131
S114042479,1180.9898338220917,295.0981427174975,1329.7718475073314,119.63968719452589,849.3128054740957,160.4414467253177,285.75522971652003,93.79667644183773,148.7820136852397,6477.271554252198,3.899034633106823,-2.725380927278661,192.42997715691445,gwwa,14.3666666666667,6,630,FALSE,-82.17039,39.717275
S57940348,1076.3185753640298,138.39157811885084,1315.7406532861078,101.05312868949234,811.3541912632822,151.88232979142072,278.276072412436,93.45533254624165,239.42207792207796,7730.787485242032,9.461557702876847,-17.21948259342063,192.6922241737186,gwwa,12.4166666666667,73,563.5,FALSE,-78.6270332,38.9160267
S47240575,1087.9650939777523,156.27675489067894,1279.373417721519,109.71308016877637,588.0652090525508,136.28154967395471,262.54123513617185,84.35059455312619,191.4083237437667,7523.89585730725,6.614318731901654,-12.899187603430121,189.3900574764527,gwwa,10.8333333333333,20,804.5,FALSE,-78.652911,40.636746
S38281769,1038.3092864125124,83.88035190615837,1380.2469208211144,102.50439882697948,472.45923753665693,166.17341153470187,289.1560117302053,117.32727272727273,341.937634408602,5928.545454545455,2.1653241029427095,-0.45454545454545464,189.4778641432917,gwwa,12.1666666666667,18,250,FALSE,-77.2413491,40.1892172
S24095481,1163.3013041810511,92.4487917146145,1359.6286919831223,124.64576141158419,662.4194476409667,158.97142309167626,283.5790180283851,111.77215189873417,196.32738780207114,7404.71001150748,2.1900974298862366,-5.728174603174604,189.42063492063494,gwwa,11.1666666666667,18,250,FALSE,-74.2367488,41.4391152
S57849862,1142.757196969697,163.26325757575756,1243.514393939394,129.7306818181818,739.0200757575757,136.567803030303,258.68409090909086,80.76174242424241,100.75719696969713,7810.796590909091,4.042204496244219,0.9047011472791022,188.68027591929885,gwwa,16.8666666666667,33,960,FALSE,-74.8343916,41.52172
S70612464,1276.4801536491675,75.62099871959026,1508.9154929577464,126.10008536064875,1120.4886897140418,210.4963721724285,327.07319675629526,129.80046948356807,232.43533930857893,5045.606274007683,5.741440254261335,-5.238719340947388,206.91856982403596,gwwa,18.4166666666667,3,250,FALSE,-85.83201,32.726524
S14650387,1056.7066584209444,55.02391259534117,1257.5141207998352,107.61698618841478,757.7464440321585,149.19542362399505,273.5526695526696,84.40053597196454,200.8074623788907,7453.277674706247,3.707889692533616,9.988283330374577,204.37657497781717,gwwa,15.55,14,250,FALSE,-80.736699,36.766213
S47041453,1129.9046758980533,120.5669275536825,1259.378687537628,117.53963475817778,572.1651615492675,147.64238410596025,265.24583584186234,79.19305639173189,129.47401163957466,9014.225165562913,2.2832334147993514,-6.464023751309816,201.12266293901803,gwwa,9.13333333333333,1,250,FALSE,-80.647128,37.89989
S115370735,1078.8539944903582,144.23140495867767,1226.4325068870521,114.16804407713497,605.0082644628098,134.73278236914598,251.46280991735532,71.49035812672176,147.5785123966939,8886.292798110979,7.164920647994889,-18.8701699795653,208.5075666140563,gwwa,7.56666666666667,89,654.5,FALSE,-79.190724,39.798775
S37827763,1094.1051016494055,82.85596471039509,1292.301687763713,117.53087840429612,483.7533563482929,134.49002685078634,261.4886843114691,84.03509781357882,198.1965861143076,8611.089758342923,4.527258000878991,-2.798571903022252,191.56824975091334,gwwa,8.23333333333333,3,250,FALSE,-79.110005,41.226259
G6979540,1091.171979535616,175.71054702872888,1384.2489177489178,101.24970484061396,604.396103896104,168.8925619834711,293.7077922077923,112.29653679653681,293.0769382133019,6843.795749704841,7.038019309833925,-9.570451022645644,203.17316524598854,gwwa,10.9833333333333,5,724,FALSE,-78.0765724,39.7267844
S37964325,1046.0935278713057,90.24541713430602,1232.3539094650207,114.77235316124207,579.2095024317246,116.17976056864946,249.44519266741491,73.31836887392444,186.260381593715,8676.630751964085,5.868997260240908,5.183859721082853,182.45030396249905,gwwa,8,90,804.5,FALSE,-78.2618504,42.3215121
S58085090,1101.26559714795,133.00772430184196,1357.7837195484253,102.50802139037432,867.9536541889483,162.6815210932858,292.4331550802139,106.77302436125966,256.51812240047525,7246.260249554368,7.914020081356331,10.634479184660561,185.34835924006907,gwwa,12.65,3,250,FALSE,-78.4139445,38.7497391
S23979679,1049.3540280857353,177.08259423503324,1258.8451589061347,109.2581300813008,495.76681448632667,124.0909090909091,259.94050258684405,79.76570583887657,209.49113082039935,6794.762749445676,7.487889214660871,7.290579640178939,178.3711435100255,gwwa,5.41666666666667,172,1207,FALSE,-77.425563,42.39268
S114875988,1086.5512892904196,127.33201581027667,1200.6871823828349,120.6265763222285,738.6975343497083,130.66478449087145,239.72727272727275,71.29738377564466,114.13589309241524,9276.443252399775,23.42674205489399,-59.8214285714286,110.2942903752039,gwwa,13.4833333333333,60,250,FALSE,-74.082173,42.188091
S70771039,1119.8747602608362,163.39029535864978,1221.216532412735,127.4319140774837,688.4524357499041,129.06022247794402,247.84618335251244,72.02282316839278,101.3417721518988,9115.63406214039,4.248501809896573,-10.516674962667988,183.87282374398936,gwwa,8.91666666666667,19,250,FALSE,-75.46332,41.279648
S92332459,1176.3567042978807,319.5177262824322,1368.622301445831,113.22776787482672,900.3438304614775,169.88671023965142,296.2959001782532,101.5670429788077,192.2655971479503,6061.617349970292,2.965419730869671,-6.989785666443401,199.50209205020917,gwwa,12.8666666666667,15,253.5,FALSE,-83.024336,38.950209
S15007809,1117.0661719233146,1.888270459699031,1216.1657390228818,139.59080601937745,833.4285714285714,144.44712430426713,252.9775304061018,68.57802514945371,99.09956709956714,8111.006802721088,9.249973609656134,11.537983924016105,195.54341862517037,gwwa,11,180,804.5,FALSE,-81.5958828,36.2156562
S90856789,1048.8622420524262,189.73322178843648,1244.680423870608,113.04610522401931,654.6854433909648,119.00613496932513,259.7475367168619,76.29131808886409,195.81818181818176,9028.161182375905,7.163691525177213,19.496877841770235,180.64435958052977,gwwa,7.61666666666667,30,402.5,FALSE,-77.960856,42.036706
S14449696,1071.910961466517,250.24934530490088,1202.2532734754957,125.61971567527124,536.1206509539844,129.57313879536105,245.79068462401798,73.75794986906098,130.34231200897875,7686.567901234569,5.4983573092157805,-9.523785467172281,187.2565130644976,gwwa,10.5,120,1207,FALSE,-74.7613406,42.7989107
G4312703,1096.102489866821,197.71704304188378,1298.8118123914303,108.24609148812972,733.5319436402239,150.06408029337962,271.5504728816831,93.57363443350704,202.7093225246092,7224.782281412854,2.08652473139986,-8.187301055453176,189.05425318151376,gwwa,9.75,5,250,FALSE,-77.9462492,40.7343564
S30664489,1138.087170405352,21.410074773711138,1290.9118457300276,117.96595828414009,546.4462809917355,143.67926013380557,261.0501770956317,84.52341597796143,152.82467532467558,8462.853010625737,8.815607428015051,-5.014670589953879,193.54940925980046,gwwa,18.1,134,690,FALSE,-79.7572231,39.6762771
G8614095,1102.5510519204786,180.80949623624784,1353.5595444894807,108.55529820497974,463.6230457440648,150.51997683844817,279.9226018143216,96.85736344335069,251.0084925690021,6576.067747539085,2.802529569430613,1.5289891395154553,195.4232247284878,gwwa,6.73333333333333,60,250,FALSE,-79.9449831,40.8643298
S24161836,1177.6193784983593,59.31576915653349,1389.1439876471725,128.24512642347037,555.166184134337,162.748504149778,284.6045165026057,113.03551437946341,211.52460914881317,8680.846554719166,8.886252048508219,-8.447317596566522,181.33160732970245,gwwa,20,25,603.5,FALSE,-74.2539042,41.0746147
S91350454,1103.003092145949,176.3821892393321,1126.7142857142858,186.1787260358689,926.1935683364255,120.99196042053184,223.56524427952996,44.26345083487941,23.71119356833674,7669.228200371056,22.056819271984292,24.845426779167344,199.55032016773393,gwwa,11.383333333333301,58,1350,FALSE,-83.4915201,35.547728
S90278221,1142.5828877005347,318.23885918003566,1364.825311942959,110.41354723707666,560.1978609625669,168.9073083778966,291.35115864527626,98.64527629233513,222.24242424242425,6233.944741532977,4.157179150531362,-4.62444850565801,199.9856066852917,gwwa,9.3,71,1263.5,FALSE,-83.0137682,39.3165882
S71257779,1193.8247783962067,167.91919191919192,1324.5557616986187,131.17357245928673,734.293547722119,157.91857349000205,279.3751803751803,85.62255205112346,130.73098330241191,8160.940012368584,17.464963831708797,-15.442320457594807,193.39372775549407,gwwa,9.18333333333333,29,1207,FALSE,-82.3199129,36.0264598
S46971296,1241.794105437941,-22.813823163138235,1354.6133250311332,152.2222914072229,755.2430469074305,160.20298879202988,276.74719800747204,80.61394769613948,112.8192195931922,5760.59402241594,22.55372292660719,-34.96858245764528,204.29808001716174,gwwa,9.66666666666667,60,322,FALSE,-83.7123656,34.7616025
S46669584,1203.7134611420327,-25.7658214801072,1436.4415584415585,125.60090702947845,599.6994434137292,179.28220985363845,304.6239950525665,114.34384662956091,232.72809729952587,6910.905998763143,4.488122563200634,-18.22683014785431,209.47065178249912,gwwa,7.43333333333333,38,250,FALSE,-81.959996,35.654814
S91191495,1244.9093043107125,92.11288945795987,1488.1839521980366,125.85915492957744,906.1711481007256,201.1986769099445,323.2332479726846,122.55911224925309,243.27464788732414,7770.256722151088,4.123847709449007,-1.4533631375736635,211.13564305457703,gwwa,15.2333333333333,39,888,FALSE,-86.307476,33.634129
S14523767,994.7673444976077,91.80701754385966,1296.396331738437,93.63915470494418,642.588716108453,145.52551834130782,274.86283891547055,91.65988835725678,301.62898724082936,7672.745215311005,7.307707768536732,-7.590636588380716,191.66122379620896,gwwa,7.75,15,804.5,FALSE,-78.8780808,38.8769355
S113025527,1088.8155630377855,215.03348297792743,1291.0953984287319,114.99289188178078,476.2508417508418,135.7585110362888,264.5289936401047,85.5396558174336,202.27983539094635,7516.158249158249,2.1624406118420993,-12.741278121943266,188.944154147616,gwwa,17.1666666666667,120,250,FALSE,-75.5192041,42.2255156
G8785013,1226.8688252386883,113.07347447073474,1259.8040680780405,182.2708592777086,775.5927770859278,145.03445413034456,260.7144043171441,64.34931506849314,32.93524283935221,7770.863636363637,22.56637769292928,32.43641039832012,172.63826842927858,gwwa,10.2333333333333,180,804.5,FALSE,-83.471445,35.046768
S18860977,1123.090909090909,87.81818181818181,1293.1818181818182,115,521.4848484848485,149.21212121212122,268.7878787878788,89.03030303030303,170.09090909090924,7735.942148760331,7.584931080727557,3.9802149070441737,185.89522184300338,gwwa,7.23333333333333,9,250,FALSE,-79.7746228,39.5510961
S58139948,1082.8041810510165,178.36766398158804,1228.9833141542001,117.77234369006521,618.8154967395475,131.10395090141927,254.24261603375524,75.90583045646336,146.17913310318363,9431.443037974683,6.430421991708169,-8.566425611440643,178.33382125721718,gwwa,14.0666666666667,65,351,FALSE,-76.6231209,41.3835531
S57594598,1174.2547770700637,173.2422312294924,1323.7747539085117,138.7197452229299,500.5298204979733,153.61474618799457,272.8262883613201,95.90986296081837,149.51997683844797,8165.467284308049,8.18483175278265,-19.76706101869863,178.98004340691335,gwwa,9.25,180,1207,FALSE,-75.9530488,40.625536
S92507291,1256.2170686456402,332.1412079983509,1402.3405483405486,130.12430426716142,900.3378684807258,182.89383632240776,304.1465677179963,110.18470418470419,146.12347969490838,7169.95547309833,10.640611824059182,0.01485135483735161,200.4330569375345,gwwa,11.3333333333333,85,1394,FALSE,-84.069789,36.207365
S58022376,1120.969886363636,167.90303030303028,1209.8219696969693,132.03579545454542,651.5106060606059,126.26363636363631,249.31287878787873,73.71704545454544,88.85208333333321,9197.286363636362,2.169116968049565,-28.965698342360085,190.3605509099852,gwwa,12.9166666666667,70,250,FALSE,-74.8272157,41.9017979
S91384570,1138.4364840457556,130.68332329921734,1331.834035721453,110.10335139474212,920.623118603251,159.77864740116394,277.02970098334333,93.71924543447722,193.3975516756973,7734.673088500903,18.26619903039812,-38.58542976939202,188.7456324248777,gwwa,13.7666666666667,15,250,FALSE,-79.0033239,37.9259663
S30736723,1136.5954022988508,-155.66415882967607,1480.7479623824452,110.6430512016719,559.55736677116,194.560710553814,318.96405433646817,128.36008359456636,344.1525600835944,6797.178056426333,2.848364310132746,0.3761166818596171,208.08047445255474,gwwa,20.25,60,250,FALSE,-84.7946497,34.7522045
S70982746,1242.7804068078042,314.8821087588211,1386.9904524699045,131.46741386467414,852.5637193856372,182.31174761311752,303.30136986301375,107.80240763802409,144.21004566210036,6854.768368617684,1.7805928177743002,-0.03507516105941302,204.1085049239033,gwwa,15.2833333333333,15,250,FALSE,-83.7867605,36.1503838
S114292944,1274.244864754932,349.3487899125483,1380.178970917226,135.37360178970917,1077.1846654464105,175.7366280252186,301.7640837909294,106.8340451494814,105.93410616229403,7977.946918852959,10.797669029047297,-17.95712506671411,184.4561465931329,gwwa,7.86666666666667,10,250,FALSE,-84.105843,36.588543
S37810671,1082.870073281838,55.13151119033471,1224.8823529411764,112.14438502673796,562.5064369182018,129.1903347197465,245.9845513963161,70.21766686472569,142.01227965933845,9142.279857397505,14.390271291511121,-16.18725142864899,172.4018052256532,gwwa,7.5,60,1207,FALSE,-79.5217896,38.9102702
S90364549,1240.881118881119,112.78533587624496,1436.1474888747616,132.22780250052978,941.1587200678108,194.41513032422125,312.9300699300699,114.02267429540157,195.26636999364268,5016.68722186904,4.042158812878481,7.179274802135101,207.7289134438307,gwwa,7.43333333333333,8,250,FALSE,-84.942135,33.9910769
S30967870,1137.3789954337901,-113.67019510170195,1476.9682440846825,110.15587380655874,538.4858862598588,187.55230386052304,315.83271066832714,123.964300539643,339.5892486508924,6256.355541718555,6.23374721417418,1.794330083062478,197.17593930635843,gwwa,11,30,250,FALSE,-84.7564316,35.443073
S114272123,1218.4869383490072,107.09571577847439,1239.80710553814,187.9212121212121,791.094461859979,140.70219435736678,250.60083594566356,59.14357366771159,21.32016718913269,8124.4000000000005,11.70551336536742,-25.013964454116795,195.2461036607466,gwwa,18.6833333333333,119,250,FALSE,-83.0573273,35.1865762
G4384380,1146.550101010101,256.56282828282826,1258.2880808080808,120.7911111111111,734.2258585858585,150.2240404040404,271.59333333333336,80.67070707070708,111.73797979797996,8658.324242424242,4.457753102235815,-20.36761524380097,195.41996672212986,gwwa,13.35,24,257.5,FALSE,-81.5742,37.1199
S58449667,1133.7178749520524,187.10989643268124,1341.6643651706943,121.45991561181432,508.3467587265055,153.93364019946299,281.6833525124664,103.90026850786344,207.94649021864188,7277.8204833141535,7.518458903321865,24.515010006671115,174.1623603933989,gwwa,18.3,20,250,FALSE,-76.585508,40.986319
S52212383,1246.0010449320794,4.926854754440962,1343.5818181818183,159.5055381400209,641.6238244514108,149.54399164054334,269.95882967607105,76.34064785788924,97.58077324973897,6818.3360501567395,4.060058186011263,-68.03498912255257,201.0919644476691,gwwa,11,120,250,FALSE,-83.0529616,35.2339324
S58278905,1045.7140276941602,143.71864338751755,1270.4013646397752,98.42343969496287,709.7762392133253,142.25085289985952,263.8828015251856,80.41180012040938,224.68733694561502,9119.727874774231,12.23245958338741,-44.69959243926706,187.34539969834083,gwwa,9.31666666666667,66,563.5,FALSE,-79.0897925,38.5672608
S71208074,1160.4571543247039,153.210716435882,1362.8998595223761,113.16114790286977,1144.8514950832832,170.7292795504716,290.2954043748746,106.56833232992174,202.44270519767224,7715.07104154124,8.241701384837139,3.282737061479681,189.84122852680898,gwwa,18.7333333333333,3,250,FALSE,-78.494559,38.337111
S30442729,1040.4078035254506,27.32798573975045,1286.559714795009,99.86413151119034,510.0035650623886,139.13309566250743,264.65240641711233,83.76272529213706,246.15191126955847,9251.0320855615,3.447450853228501,-57.94672413793102,199.3941693979645,gwwa,11.3333333333333,40,250,FALSE,-79.3734039,38.8353798
S57822508,1256.9307359307359,179.73531230674092,1351.2467532467535,142.46629560915278,988.0581323438468,172.83240568954855,286.8398268398269,90.53246753246755,94.31601731601768,7483.190476190477,2.1002174150007096,-21.906805530615905,205.68252828155863,gwwa,15.5,90,250,FALSE,-84.87805,35.90927
S47184327,1195.8229981938591,210.74613686534212,1345.158137668071,118.15773630343165,812.8189845474612,168.17981135861928,292.3636363636363,102.70439494280551,149.33513947421193,6456.868753762793,4.842283313771139,-18.724565165594473,193.49340746624299,gwwa,9.25,15,362,FALSE,-81.680933,38.7957231
S92283131,1176.4032481679542,281.27035056446823,1340.9700930877402,116.61299267181619,894.3895820954644,165.4876213111507,288.8352148940384,97.866706278471,164.56684491978604,6446.117052881758,2.383090776765161,-22.526387702818113,201.3611537805087,gwwa,10.6,13,250,FALSE,-81.774059,39.533415
S38091900,1166.4553126198693,77.05427694668201,1323.7460682777137,130.33966244725738,639.2383966244726,143.1294591484465,274.51246643651706,97.10740314537783,157.29075565784433,8722.823935558114,11.545968620361226,26.722550884392444,190.46682340256663,gwwa,9,180,804.5,FALSE,-75.1968884,40.9351892
S30385862,1106.6436517069428,55.7439585730725,1319.9608745684695,116.12792481779825,440.1908323743767,141.82757959340236,269.72727272727275,90.71710778672805,213.31722286152672,7208.727272727273,6.437824586534968,-6.009718397090411,194.52103730448422,gwwa,11.3333333333333,10,1207,FALSE,-79.2040229,40.9064348
S18856522,1009.1790633608815,114.48917748917751,1262.405352223534,99.84966548602914,433.2723337268792,136.88902007083826,256.9382133018496,81.13183785911059,253.2262888626525,6742.953955135773,2.977495348076091,7.022380467955241,191.65201900237528,gwwa,16,30,250,FALSE,-78.9576352,39.9233384
S46878342,1081.9025974025976,137.88331365604094,1391.0891381345928,101.88842975206612,614.8583234946872,172.95139708776074,297.80637544273907,118.84277843368753,309.18654073199514,6476.87839433294,4.1597548861054285,2.303388090349076,194.58932238193023,gwwa,15.65,60,250,FALSE,-77.977224,39.369338
S18806707,1131.1315688530879,122.61565017261219,1274.1856540084386,126.49750671269656,680.0337552742616,145.86651323360184,266.55082470272345,92.61852704257768,143.05408515535078,8721.491944764095,1.4201153661562325,-24.947394176657696,190.41344095884548,gwwa,2.83333333333333,70,402.5,FALSE,-74.5156422,41.5384264
S90726237,1203.7052718970529,70.21959319219593,1387.7860107928602,137.33727687837276,568.7440846824409,166.66396845163968,287.25425487754256,92.97903694479037,184.08073889580737,7258.61892901619,3.7582241751850876,-9.423408100350803,206.41637426900587,gwwa,19,25,322,FALSE,-82.4876607,35.4141083
S71500506,1102.9253176930595,197.6115347018573,1347.7833822091884,103.6934506353861,624.4173998044965,161.97517106549364,283.0044965786901,98.00156402737048,244.85806451612893,7425.890909090908,7.802005568487159,5.803904923599323,197.22544529262092,gwwa,12.95,45,250,FALSE,-80.8716518,39.954049500000004
S71751302,1142.6319486253262,138.83162753361427,1339.0373269114991,111.02488460766607,953.6006421834235,159.9899658840056,276.90768613285167,93.3515954244431,196.4053782861729,7240.090909090909,14.956334522268802,43.63823478109194,194.14599686028257,gwwa,11.0666666666667,5,250,FALSE,-78.8918354,38.0005676
G1058703,1115.765247410817,160.12313003452243,1315.4447640966628,119.33812811660913,463.716532412735,137.55945531261986,272.9975067126966,90.19850402761794,199.67951668584578,6982.785385500574,5.04009412939166,17.601163757273476,192.62878032568955,gwwa,19.5,120,250,FALSE,-79.4957399,41.1438892
G3328785,1093.151515151515,59.402222222222235,1390.679191919192,98.89919191919192,741.6787878787878,170.3351515151515,294.1751515151515,109.30525252525253,297.5276767676769,7864.927272727272,3.517872875623683,-2.2861993693912197,204.02364782925054,gwwa,9.35,6,297.5,FALSE,-79.4540123,37.788668
S50263596,1074.6093418259024,92.5037637521714,1356.5933217525574,98.9303223315962,519.0220034742326,154.86257479251108,277.0339702760085,96.58579424821464,281.9839799266549,6461.75390851187,3.4684016209792263,6.072831011914752,190.0512088650101,gwwa,5.75,3,250,FALSE,-81.1725874,40.5954768
S91434596,1240.6287363430222,166.04720676149248,1447.8711605854462,128.88930117501548,780.3722943722943,190.3341579055865,313.2929292929292,116.72727272727272,207.24242424242402,6987.957328385899,3.938003023610788,2.887293707231985,209.64288109449393,gwwa,8.7,73,402.5,FALSE,-84.999715,35.273736
G3347732,1120.835641180012,74.4099939795304,1308.192855709412,107.14027694160143,1065.2197471402771,154.683925346177,268.67529600642183,88.50471603451737,187.35721452939993,7875.657435279953,16.715903613655534,63.33229112384923,173.07229753215154,gwwa,10.2,10,250,FALSE,-78.6493635,38.2981886
S58035148,1176.4632600514954,261.74806892453944,1350.0166369578135,111.85383244206771,871.5002970885324,169.9948504654387,294.7250940780352,103.67914438502673,173.55337690631814,6141.913250148545,2.4998532262115285,-6.317220024083948,200.24853801169587,gwwa,11.7,20,250,FALSE,-81.9137198,38.9619062
G8615559,1102.8907910271546,185.3392365210547,1394.97422274695,104.53896103896105,563.9818968909879,173.8939393939394,299.0222353404172,117.81660763478946,292.0834317197955,7151.903187721371,4.958789208024698,0.04066535028253726,195.64381349262317,gwwa,10.633333333333301,14,1464,FALSE,-77.98007,39.618826
S114718703,1128.5700630465735,134.45535895871467,1318.5814521049422,109.27232052064268,990.7638804148872,160.74659345129146,281.5684360382348,92.76571079926785,190.01138905836865,8320.52471018914,16.038877538402595,27.858885941644566,181.54436196535877,gwwa,11.8333333333333,5,250,FALSE,-80.109193,37.03603
S57981023,1083.9797323888233,161.5728059818969,1213.8626524990163,115.70759543486817,619.2861078315624,131.20247933884298,246.35497835497839,68.3844942935852,129.88292011019303,8633.851239669422,5.094767751378344,21.03966463414634,192.7824642165755,gwwa,10.5,60,804.5,FALSE,-79.1765356,39.7857432
S24089487,1059.2985957132298,161.359756097561,1233.327790096083,110.19789356984481,704.2538802660754,125.97967479674796,248.1711012564671,73.54545454545455,174.02919438285312,8186.002771618625,5.539898122980331,-11.42392886014551,191.05546571798186,gwwa,6.33333333333333,15,250,FALSE,-77.4047649,42.6673278
S19128907,1158.6616509926855,-104.22967607105538,1409.0083594566354,114.69237199582027,800.2397074190177,182.01713688610243,299.0668756530825,104.97931034482758,250.34670846394988,6345.969278996865,6.359232848194443,-11.042820699708459,199.23468271334787,gwwa,9.66666666666667,32,250,FALSE,-85.46275,34.82452
G4306807,1194.6864211737632,165.10817031070198,1316.5174530111237,136.19428461833525,792.3707326428846,148.04929037207518,280.38588415803605,96.63022631377063,121.83103183736057,8354.578250863062,4.702064025770932,5.019190609922949,184.2199618334354,gwwa,8.18333333333333,129,523,FALSE,-74.913337,40.978413
S47080028,1081.7622377622376,91.07226107226107,1356.1398601398603,101.48135198135198,538.0804195804195,160.7109557109557,278.2715617715618,98.58857808857807,274.37762237762263,7053.545454545455,9.557626321065198,-0.5221358926470674,187.29712808310677,gwwa,15.133333333333301,34,1207,FALSE,-80.7118327,40.3306142
S71408985,1070.0276008492572,191.25439104419996,1292.779193205945,113.33738660490253,544.3047674194172,141.66319243389307,263.4030110017372,84.8448176027794,222.75159235668775,7823.929936305732,6.100737530227428,12.02997528275035,189.49113817849494,gwwa,10.7333333333333,23,804.5,FALSE,-78.8165617,40.9147855
S70509798,1257.2472643097644,120.57007575757576,1419.4433922558924,136.1422558922559,821.9459175084176,185.2034932659933,302.89351851851853,104.56544612794613,162.19612794612794,6100.700757575757,4.850554179232978,9.085114155251139,207.10518626734844,gwwa,15.8,24,250,FALSE,-84.570056,34.605844
S19117752,1020.3851093718642,27.110575958258075,1380.251655629139,93.53501906482037,522.2235601043548,163.96949628737707,293.0497692153321,111.79129038731688,359.86654625727465,7114.815171583384,5.049482155116309,-1.1043688820902586,199.70937802259613,gwwa,7.58333333333333,70,1207,FALSE,-79.036417,38.1676296
S115951834,1085.4395933014353,107.97049441786282,1350.3391148325359,102.54744816586921,653.170653907496,162.06758373205741,291.6106459330143,104.75518341307816,264.8995215311006,7012.213865271419,2.5627456548089658,-2.7786061026352287,202.88353552859618,gwwa,8.58333333333333,10,250,FALSE,-78.8563871,38.4670977
S58353625,1116.0416666666665,179.42424242424244,1254.5742424242426,121.70454545454547,589.1530303030304,136.0212121212121,263.5954545454546,82.61287878787878,138.53257575757607,9139.689772727272,5.67634335159265,-36.10360731345742,183.8350074098469,gwwa,7.16666666666667,65,250,FALSE,-75.0559796,41.6696549
S71042685,1131.9121212121213,147.82565656565654,1357.809292929293,102.87070707070708,942.2575757575758,162.6949494949495,288.42565656565654,100.49898989898989,225.89717171717166,8507.346060606062,17.354587004304367,-21.77821793384454,193.20987724161333,gwwa,6.73333333333333,5,603.5,FALSE,-79.960999,37.54451
S46895114,1152.2136953955137,122.75954348681624,1275.8055883510428,124.28846910665094,604.97992916174735,145.64541519086973,264.68516332152694,82.87091696182605,123.59189295552915,7887.334120425029,5.385694532015738,4.895549778253556,192.94065372673185,gwwa,9.46666666666667,95,804.5,TRUE,-79.6663905,39.5681277
S70734087,1142.114307633295,163.51016494054468,1277.2990026850787,124.89719984656693,700.8582662063676,139.1160337552743,267.1912159570387,84.91292673571155,135.1846950517836,8682.264672036825,3.373394666055412,-8.48353841037579,196.69610778443115,gwwa,9.1,45,250,TRUE,-75.133792,41.156529
S92247326,1072.090909090909,164.3030303030303,1208.4242424242425,108.93939393939394,684,132.78787878787878,246.8181818181818,66.18181818181819,136.33333333333348,8746.418894830658,8.929229160547255,-26.247355709169657,181.72081598667774,gwwa,6.31666666666667,65,354.5,TRUE,-79.5219055,38.5342741
S90378510,1054.985763677039,185.24588163514338,1264.100467764897,101.119788488916,669.6896481594467,151.71059589180393,269.9597315436241,82.5422005287777,209.11470408785817,9299.252593044537,9.436539175746944,16.152750555337775,189.21820913069035,gwwa,11.9166666666667,41,402.5,TRUE,-81.1949926,37.3068511
S57497312,1219.3823586180272,133.88592935726695,1351.4308048639257,137.34182590233544,747.4107315190117,157.89364987454155,277.7772630766261,101.57247635591582,132.0484462458985,8737.731905037635,9.895243124979354,0.09248384815730554,189.69043133017988,gwwa,17.5,75,1472.5,TRUE,-74.2580321,41.1724991
G5516503,1102.32683982684,145.724124360488,1297.4596615505707,115.45021645021646,539.6914600550964,145.8099173553719,271.05745769382133,86.02164502164503,195.13282172373079,8622.080283353012,10.287010988970522,3.053415339626841,188.57453807687418,gwwa,7,39,1357,TRUE,-79.4159628,39.6795337
S30612831,1134.9755085097552,-113.07928601079287,1270.3715234537153,125.92652552926525,658.6326276463263,142.97882938978833,256.6405147364051,72.36612702366128,135.39601494396015,8647.397260273972,13.582929036143167,-37.86702204524654,194.22619028502604,gwwa,10,90,804.5,TRUE,-82.0491397,36.1470008
S70641857,1091.623885918004,142.31115072291544,1197.5284214695982,121.99900970489206,672.3390770449595,124.99544464250349,243.29075064369184,63.803921568627466,105.90453555159434,7848.67082590612,2.234966216271976,-30.322552898675383,194.72288121024582,gwwa,15.7666666666667,15,250,TRUE,-79.4274979,39.0236092
S71252186,1193.6595251881874,137.47268867014088,1315.878594865856,132.55935147654893,734.2715691951361,149.4892877822814,272.23991507431,93.70198803319823,122.21906967766859,8464.683265778807,5.119985126160939,-2.8835729014135003,183.31632897017516,gwwa,5.68333333333333,163,804.5,TRUE,-74.518725,41.08339
S90266053,1163.156501726122,189.5974299961642,1309.2009973149213,125.82930571538166,553.2600690448791,146.5072880705792,273.1722286152665,92.0343306482547,146.04449558879924,8702.704833141543,6.01833543355103,-5.5446695450016605,186.71371637329798,gwwa,7.35,20,250,TRUE,-76.1685078,41.2006252
G8582460,1191.3931770535544,112.10062893081762,1340.8315227749192,126.22584333905088,766.6981132075471,157.47303220888128,275.3805984372022,99.04059462550029,149.43834572136484,8700.27615780446,8.617054987648272,-4.224430060046499,188.7803701194986,gwwa,7.63333333333333,114,1070,TRUE,-74.2379055,41.234391
S90755262,1206.4532029152283,162.86363636363635,1299.1889144610661,138.75738396624473,795.686804756425,148.86728039892597,271.53011123897204,90.39317222861527,92.73571154583783,8609.99827387802,4.512887885759205,1.0886855241264561,184.89600665557398,gwwa,11.4333333333333,18,250,TRUE,-74.5184087,41.0814671
S18822253,1008.4297880768469,98.62547039017628,1270.2495543672014,95.60685284214696,510.5113883937413,139.62705486234896,261.1717171717172,83.07783719548426,261.81976629035455,7294.509209744505,4.1674495865036745,-1.960036148207651,190.13904761904763,gwwa,17.1333333333333,27,322,TRUE,-78.9539337,39.601191300000004
G648813,1003.1346801346801,113.19350366409189,1256.915824915825,98.27233115468408,546.150128738364,139.89641513170926,260.85026737967917,81.44147355912062,253.7811447811448,7324.310160427807,4.545007695715506,-2.2569751294028535,189.58528428093646,gwwa,8.3,39,402.5,TRUE,-78.9539337,39.601191300000004
S14426502,1149.0801687763715,93.00326045262753,1290.9263521288835,134.37073264288455,693.3335251246643,154.33716915995396,269.7067510548523,96.13233601841196,141.84618335251207,8902.197928653624,4.696338121455147,-22.97676348547718,188.79538665781615,gwwa,14.1666666666667,34,250,TRUE,-74.2300943,41.2299179
S113052868,1147.2803989259685,136.62754123513616,1345.84388185654,115.61430763329497,695.9957805907173,158.08937476026085,278.1014576141159,103.46758726505563,198.56348293057158,9162.62082853855,9.270882048125664,-3.228694609225582,193.63070299988988,gwwa,8.43333333333333,123,1209,TRUE,-74.187983,41.729178
S47717433,1061.3441420575177,163.91295116772824,1317.0457440648524,100.8780158270604,631.7102875892684,150.3283149971048,276.00540436209224,96.3041883806215,255.7016020073347,7772.271569195135,12.582339101581375,-14.332548755884332,185.88556545118465,gwwa,9.36666666666667,90,250,TRUE,-78.1761848,40.5237922
S24056934,1114.3153831306697,95.81644470179502,1287.4873576529626,124.87376954255933,608.8177957923181,139.56784404555103,270.8255163095928,90.91372321945569,173.17197452229289,8734.270411117544,6.523764025043135,-6.706511246100806,193.048353625701,gwwa,7.28333333333333,104,1207,TRUE,-75.218916,41.118944
S23930373,1010.634383046148,64.15448603683897,1282.1119033471973,96.23747276688454,493.16557734204787,140.41493365022777,262.28797781738956,84.52743117448999,271.47752030104937,7232.756387403446,5.550354617489765,-3.1172353215667976,192.00189414735922,gwwa,7,120,603.5,TRUE,-78.9539337,39.601191300000004
S113267623,1118.9281326781327,96.44266994266995,1182.4653972153974,131.27211302211305,815.4547502047503,137.30569205569208,240.04299754299757,57.893939393939405,63.53726453726472,9709.99815724816,15.701413287489794,13.324564873417719,186.66783124588,gwwa,10.25,31,885,TRUE,-81.6955483,36.3326207
S47080305,1158.9597343295975,1.0286425902864258,1254.897882938979,131.807804068078,763.2864259028643,142.82689912826902,254.79286010792856,69.21627231216273,95.93814860938141,9108.513075965131,13.582929036143167,-37.86702204524654,194.22619028502604,gwwa,10.5,135,804.5,TRUE,-82.0491397,36.1470008
S62501603,1154.6219792865363,152.82853855005754,1245.5404679708479,134.57192174913695,805.9108170310701,138.0264672036824,256.3540467970847,81.38511699271193,90.91848868431157,9004.513808975833,6.837566471167475,8.788298130614226,183.181961641175,gwwa,12.9666666666667,2,289,TRUE,-74.6112373,41.5826916
G6919536,1062.9837732160313,144.80566959921796,1303.309286412512,108.05043988269794,471.1429130009774,146.3710654936461,269.30733137829907,88.37888563049852,240.32551319648064,7790.1208211143685,7.330823207707781,9.464791100400705,198.59967494255443,gwwa,7.66666666666667,48,595,TRUE,-78.944771,40.149304
S90503882,1071.712603744451,162.68751206330825,1320.3765682300714,104.54912179116,690.0727658753135,152.21520941903105,274.46149392009266,97.61744836904073,248.66396448562045,7718.603937463811,4.2467225667581845,-9.570676523297491,189.57182846265817,gwwa,10.25,56,302.5,TRUE,-77.97386,40.76048
S47096816,1036.7878787878788,79.93939393939394,1211.2727272727273,102.54545454545455,639.969696969697,131.42424242424244,244.6969696969697,66.63636363636364,174.4848484848485,8687.368421052632,8.46749341853893,-20.192789259315134,196.10757392878702,gwwa,14.7833333333333,30,267,TRUE,-79.5237637,38.5329529
S30428854,1136.3271935036641,28.284016636957812,1268.4337492572786,121.3065953654189,512.526044761339,143.63101604278074,262.4648445236681,80.96850861556744,132.10655575361443,9011.753416518122,7.577705395675184,-4.1035617590977855,191.8008129529602,gwwa,8,120,1207,TRUE,-79.9518466,38.924469
S57836993,1191.9162323875698,144.7214823393167,1295.0411117544877,139.3507044972013,785.9029144952711,147.84674773209804,269.66492955027985,90.74792511098244,103.12487936691787,8586.427909669947,5.261320815822851,-3.232152697284665,185.3225555196717,gwwa,6.86666666666667,176,1006,TRUE,-74.518725,41.08339
G6892708,1223.3180773249737,120.00710553814001,1256.23301985371,180.16823406478582,794.9377220480668,141.25224660397075,256.56363636363636,62.134587251828634,32.91494252873622,7980.134796238245,16.054284670369643,-29.818033381712638,202.04938271604942,gwwa,7.1,31,250,TRUE,-83.555804,35.098597
S70507159,1127.8212700250917,160.7292028565914,1255.748311136846,123.68210770121598,703.577880718008,136.25207488901756,261.87415556842313,80.52113491603937,127.9270411117543,8600.90272148234,2.8093685613880695,8.162316279816881,193.33855421686738,gwwa,6.41666666666667,30,603.5,TRUE,-75.0893958,41.2136652
S23931921,1116.6332714904142,-42.94928880643167,1211.382807668522,131.71243042671614,763.5905998763142,137.48979591836738,242.35374149659867,63.48361162646877,94.74953617810775,9015.495361781077,12.700668191035092,-39.761377833303584,177.93772305496074,gwwa,13.9833333333333,54,250,TRUE,-81.696045,36.340614
S18932620,1167.7236286919829,89.89240506329114,1310.079785193709,131.81108553893364,671.0891829689298,154.2836593785961,270.3199079401611,98.95761411584196,142.35615650172622,8924.505753739932,8.88312117699993,0.3913689441857228,190.3365946908807,gwwa,6.5,125,1050,TRUE,-74.2300943,41.2299179
S57448933,1201.6952435749904,141.28845416187187,1307.7077100115075,140.35577291906404,774.6701189106252,149.81089374760262,270.9750671269658,92.58688147295743,106.01246643651712,8335.684695051785,9.109640155414327,-0.6697186615615115,187.03345539280957,gwwa,6.38333333333333,66,250,TRUE,-74.451222,41.069816
G3361454,1198.5638665132335,68.39087073264288,1335.6181434599155,132.78787878787878,739.4530111238972,155.57959340237818,272.7138473341005,99.84349827387801,137.05427694668197,8663.912543153048,8.918780888216737,-0.7331952328428077,188.75355253883438,gwwa,7.43333333333333,60,1331,TRUE,-74.2300943,41.2299179
S24095889,1018.5757575757576,22.96969696969697,1229.8181818181818,99.39393939393939,532.1212121212121,132.45454545454547,246.24242424242425,70.75757575757575,211.24242424242414,8514.344972907887,10.736102946623372,-20.901223640485732,192.82833757843076,gwwa,11.4666666666667,71,804.5,TRUE,-79.5250297,38.5327917
S90269951,1222.2837812083096,140.2744425385935,1334.0152468076997,135.37735849056605,798.7672955974842,156.74575948160853,274.77453783114163,97.73851724795121,111.73146559939005,8743.227558604918,7.106923095268903,-7.757681448264409,199.9651625746516,gwwa,8.05,60,250,TRUE,-74.2379055,41.234391
S57766175,1127.9742999616417,193.20080552359033,1320.964518603759,115.56463367855773,668.3653624856155,148.61334867663982,277.3141542002301,98.09781357882623,192.99021864211727,8500.116225546604,3.7327896913325254,-30.258500000000005,193.9966666666667,gwwa,16.1,81,250,TRUE,-77.7047968,40.9873655
S14461857,1080.1138659320477,265.2613406795225,1201.2121212121212,124.69733700642794,523.8560146923784,128.46078971533518,247.43177226813592,71.79540863177228,121.09825528007354,7176.917355371902,6.335667319424131,-15.831560283687937,197.23362374959666,gwwa,13.8333333333333,20,250,TRUE,-75.6625369,42.8374691
S71088914,1065.905548996458,155.3290043290043,1292.762691853601,104.88783943329396,599.0275482093664,146.49586776859502,269.56158992522626,85.06493506493506,226.8571428571429,8770.131050767413,9.102392987791651,19.978320245817685,205.74923129484114,gwwa,12.2,33,250,TRUE,-79.1228662,39.4595616
S14510852,1113.81857536403,89.13695395513575,1262.1416765053127,119.42148760330578,533.6172766627311,144.3638331365604,262.53797717434077,82.58008658008657,148.32310114128268,8287.195985832348,3.6140142276122456,20.195931048306274,192.57757496740544,gwwa,8.93333333333333,58,322,TRUE,-79.6797369,39.559681
S24057105,1161.775681341719,83.88259958071278,1342.6125404993327,126.24051839146178,614.6636173051268,154.6912521440823,281.9998094149037,107.3432437583381,180.83685915761362,7555.454545454545,3.2783635469755,-3.7090148813184114,189.84404008114586,gwwa,13.5,180,402.5,TRUE,-74.4712973,41.2327675
S18872916,1012.0909090909091,49.90909090909091,1220.6060606060605,97.54545454545455,537.1212121212121,131.72727272727272,245.21212121212122,69.6969696969697,208.5151515151514,8542.535885167465,9.24558744952822,-24.17357812299397,183.0821407944555,gwwa,11,90,402.5,TRUE,-79.5221114,38.5338716
S57719654,1117.2495543672014,135.15508021390377,1225.739750445633,124.3850267379679,611.7023172905526,139.4028520499109,257.0499108734403,72.29946524064172,108.49019607843161,9286.342245989306,13.94855575806789,20.742163279366174,205.15840220385678,gwwa,12.25,75,250,TRUE,-79.7477609,38.9254787
G2541824,1067.2530499803227,75.73219205037387,1299.1499409681228,102.9112554112554,536.8315623770169,142.91420700511605,266.44647776465956,86.98051948051948,231.89689098780013,8736.701889020069,7.9391974510405126,16.74393737457297,196.17317768177222,gwwa,8.05,31,804.5,TRUE,-79.123197,39.459214
S90327792,1221.4955887993863,139.81971614883008,1333.0527426160336,135.3546221710779,799.403912543153,156.79881089374757,274.5623321825853,97.43536632144227,111.55715381664731,8772.87571921749,8.867994929485958,0.511987439436701,190.70042190028516,gwwa,8.85,98,998,TRUE,-74.2300943,41.2299179
S116014176,1128.2024793388432,145.25403384494297,1282.3002754820939,118.59071231798507,584.8195592286502,145.8266430539158,270.8972845336482,84.72353404171587,154.09779614325066,8779.228453364816,11.915799072980029,-8.994380331159054,175.6460488000803,gwwa,8.16666666666667,80,322,TRUE,-79.4159628,39.6795337
S19000567,1061.5090141925589,153.54794783275798,1290.4589566551595,104.55140007671655,644.4767932489452,146.77905638665132,269.2128883774454,92.8505945531262,228.94994246260057,7653.746260069045,4.1003643388223034,-2.9966303611145575,192.78365838989606,gwwa,5.8,146,1006,TRUE,-77.96506,40.77106
G3307234,1203.3636363636363,70.84848484848484,1365.878787878788,131.0909090909091,680.060606060606,158.72727272727272,279.6969696969697,105.12121212121212,162.51515151515173,8681.272727272728,4.309679094908827,-27.20318989865425,195.7391159853772,gwwa,11.4166666666667,20,250,TRUE,-74.2849649,41.1613031
S37622261,1102.258534714231,77.99271192942078,1243.1499808208669,122.28078250863061,649.2167242040659,132.09512850019178,256.63713080168776,79.69006520905256,140.89144610663584,8687.092059838895,4.661254805810291,-2.8291023726563793,199.38222591362126,gwwa,7.73333333333333,15,250,TRUE,-75.1063766,41.2438812
S57689470,1212.9288454161872,125.80552359033369,1329.2938243191409,138.32623705408517,792.3582662063675,155.7988108937476,272.6764480245493,97.82930571538165,116.36497890295368,8713.550632911392,8.695981224568968,-2.085140634083083,189.4198121645796,gwwa,10,60,804.5,TRUE,-74.2300943,41.2299179
S30350230,1030.7878787878788,14.636363636363637,1236.2121212121212,100.27272727272727,560.7878787878788,132.24242424242425,246.36363636363637,70.84848484848484,205.4242424242425,8601.692354003613,8.787696255059608,-20.334604054756536,178.88157894736838,gwwa,14.6666666666667,62,250,TRUE,-79.521412,38.533596
S57442301,1098.7178150936113,196.98706813356497,1294.9808917197452,109.07160779772244,741.4547384674773,148.61030689056167,270.22080679405514,92.29666087627871,196.26307662613385,7732.434279096699,4.80375114486146,-6.48911900331688,190.94752736881844,gwwa,19.4,58,603.5,TRUE,-77.97386,40.76048
S113381342,1053.6627312081857,152.008658008658,1334.823297914207,98.18417945690672,560.3435655253837,149.896497441952,280.22117276662726,97.70641479732387,281.1605667060212,8577.827626918535,6.988540092166271,-19.987253569000668,191.73237043330502,gwwa,8.68333333333333,39,250,TRUE,-78.6028647,39.8529613
S57981506,1286.5961657390226,305.8095238095238,1369.857142857143,142.3017934446506,1119.5367965367961,172.58936301793443,294.4891774891775,98.42238713667284,83.26097711812031,7763.82374768089,9.46454253637804,-0.2903801231684008,202.66497282300998,gwwa,17.8,41,1202.5,TRUE,-84.5087843,36.4303648
S58577381,1183.191713048856,107.48855905998764,1278.4836116264687,141.17810760667902,644.6982065553494,144.31168831168833,262.09090909090907,69.71428571428574,95.29189857761276,8792.402597402599,18.822352662087845,28.440375248060608,196.7278788970986,gwwa,12.75,110,250,TRUE,-82.8366137,35.6174305
S24239895,1062.9480245492903,119.68968162639051,1306.0235903337168,104.1192942079018,619.2044495588799,147.69428461833525,270.5646336785577,94.7355197545071,243.07556578442654,7485.553509781357,6.628127253798477,-9.381024096385543,189.60174175180043,gwwa,14.5,75,250,TRUE,-77.9688424,40.7556965
S30253432,1149.9008264462811,27.81621408894136,1297.339630066903,119.96143250688705,541.4580873671783,145.8091302636757,265.64266036993314,87.31955922865014,147.4388036206219,7752.312868949233,4.485195630590915,9.335670077049388,194.97593177511058,gwwa,9.28333333333333,86,402.5,TRUE,-79.6663905,39.5681277
S57418537,1114.1480846197826,176.29102344196684,1246.7017343243758,122.07985515532684,618.3318086525634,135.81189251000572,261.10386887745375,80.61501810558414,132.55364970459323,9070.806174957119,5.53430320507331,-9.356847334470231,189.36051253911526,gwwa,6.18333333333333,120,804.5,TRUE,-75.094771,41.554884
S37935927,1194.048714998082,52.29478327579593,1342.6536248561563,131.98388952819332,679.7180667433831,154.24626006904487,271.86536248561566,101.38895281933256,148.60490985807428,8709.062715765249,8.8819299942039045,0.40845206091228375,190.36571463594012,gwwa,16.5,150,1046,TRUE,-74.2300943,41.2299179
G5469824,1101.8465042582689,145.98910675381262,1298.606258665082,115.20479302832241,538.7027134085956,145.95266389384034,271.4882154882155,86.32917409387996,196.75975440681304,8643.051693404634,10.16628612788485,-5.519079178975404,181.4517792913446,gwwa,18.4666666666667,21,803.5,TRUE,-79.4142421,39.6809751
G4309832,1117.5080552359032,166.16052934407367,1225.4921365554276,128.25469888761032,751.5387418488684,133.76601457614115,257.5235903337169,76.19140774836977,107.98408131952442,8726.393555811279,2.849429821805611,-5.898641588296761,191.5038416620567,gwwa,11.4666666666667,40,402.5,TRUE,-75.1116139,41.2281166
S57927837,1113.0506329113923,175.19255849635593,1252.4117759877254,120.38358266206369,739.8895281933256,133.51419255849638,258.2577675489068,80.52320675105486,139.36114307633306,9247.562140391254,10.37610118815786,7.580513751022878,178.641613149983,gwwa,10.1166666666667,46,1038,TRUE,-77.8403871,41.219266
S57450606,1041.8871610845295,132.39154704944178,1206.598086124402,103.75378787878788,658.6273923444975,132.47149122807016,245.67165071770336,65.98524720893141,164.71092503987256,8428.751794258373,10.291589627263681,-19.50266282767836,200.42594474555864,gwwa,6.51666666666667,136,1030,TRUE,-79.539299,38.5243628
S70503048,1193.6595251881874,137.47268867014088,1315.878594865856,132.55935147654893,734.2715691951361,149.4892877822814,272.23991507431,93.70198803319823,122.21906967766859,8464.683265778807,5.305433146636732,-2.710653928036375,186.73090216177144,gwwa,10.1666666666667,160,1207,TRUE,-74.518725,41.08339
S46635417,1054.191126955833,139.92176668647258,1269.9506833036246,100.76331946920183,604.8999801940978,140.37591602297482,261.5664488017429,80.29728659140424,215.75955634779166,7456.008318478906,6.310608007419493,-8.969486219041759,193.41363270417756,gwwa,8.56666666666667,154,938.5,TRUE,-78.9539337,39.601191300000004
S57471799,1103.862767805443,198.48619957537156,1300.8787878787878,109.86701408994401,735.1596216946535,149.19764524223123,271.25632117351864,93.8096892491797,197.01602007334486,7277.753329473073,3.395047509540984,0.1414766473793097,193.5123948447676,gwwa,18.9166666666667,79,1448.5,TRUE,-77.951136,40.789936
S37949903,1126.6590420332357,72.91006842619747,1306.83284457478,114.70674486803519,503.75542521994134,142.36226783968718,267.9487781036168,88.43655913978496,180.17380254154432,8620.7560117302055,12.332478941374633,-13.058422755918922,176.6559304703477,gwwa,6.53333333333333,20,250,TRUE,-79.4155374,39.6800356
S91280251,1139.84076433121,174.68249372707967,1234.3837097085504,128.8672071028759,760.1115614746187,135.0322331596217,259.4960432348967,76.27890368654701,94.5429453773404,8689.80775911986,3.562708740535311,-3.12300796812749,198.81540504648075,gwwa,7.38333333333333,64,250,TRUE,-75.025578,41.243702
S57500496,1107.0654936461385,182.39706744868033,1323.4823069403712,108.43088954056695,743.1847507331377,156.94193548387096,274.8723362658846,97.96950146627564,216.41681329423272,8233.530791788857,7.734773124410961,-11.81881427707199,197.5333020708851,gwwa,10,55,804.5,TRUE,-77.6045465,40.3023744
S24216752,1151.0614362806145,-77.7928601079286,1274.3470319634705,135.26214196762143,715.4551681195517,144.4914902449149,259.94645080946447,73.5840597758406,123.28559568285596,8536.635118306353,22.90881417412741,-40.445700951355235,196.1956912028725,gwwa,11.1666666666667,15,250,TRUE,-82.4531651,35.9366193
S47308360,1045.8709677419354,151.3937438905181,1326.9354838709678,98.17047898338221,546.4258064516129,146.32179863147607,276.3958944281525,94.79393939393938,281.0645161290324,7932.730791788856,11.470022804227755,-23.63648694472703,193.45228004746568,gwwa,17.7833333333333,36,250,TRUE,-78.5529971,39.9590139
S70756971,1122.9865746068278,160.289221327196,1249.7729190640584,123.01476793248943,696.4965477560413,135.47813578826236,259.96854622171077,79.283084004603,126.7863444572306,8585.91254315305,3.4959789844611713,-0.7182520695554144,191.0694084876291,gwwa,15,30,1207,TRUE,-75.0854247,41.24522
S67015282,1020.9898989898988,40.36700336700337,1301.3872053872053,95.85858585858585,497.5454545454545,142.65656565656568,266.2154882154882,87.9023569023569,280.39730639730647,7463.310160427808,8.812898305280791,-8.470947694147933,192.28154687608344,gwwa,6,120,1500,TRUE,-78.9634861,39.5869854
S37725119,1120.4098124098127,-20.586477015048445,1220.9499072356218,128.92805607091324,752.9793856936715,135.96392496392494,240.46258503401364,62.87280972995258,100.54009482580909,8958.491032776747,14.190896160568775,-13.286555972147832,191.66351303106032,gwwa,12,25,250,TRUE,-81.7105579,36.3205886
S37978565,1041.6537348002316,90.33507044972015,1341.231229492376,99.20787492762014,517.5180467091295,148.30225825130285,275.9700829955607,99.36189924724957,299.57749469214446,7363.189924724957,5.977465498583963,-14.865161914552662,190.9661783160218,gwwa,7.25,180,804.5,TRUE,-78.4080505,40.326655
S47235380,1083.9866821077014,161.07276587531368,1298.008685581934,105.91198610306891,701.8674001158079,147.7930901370392,269.65527890368656,92.8919127581548,214.02200347423263,7721.447017950204,4.052962926883105,-6.10169949555609,193.62650891838325,gwwa,10.5,45,804.5,TRUE,-77.966789,40.771046
S23723914,1070.2507427213307,82.17666864725688,1196.4359279065159,116.99940582293522,535.7783719548426,132.1295306001188,245.54169142404433,67.86908298673004,126.18518518518522,9023.992869875221,11.351707094194827,-1.6112928214839033,197.93820998278832,gwwa,6.5,10,250,TRUE,-79.7166066,38.9150723
G8577217,1115.6879555044113,158.78615266589946,1239.7232451093212,121.15611814345992,728.4871499808207,135.60586881472955,259.8342922899885,77.31108553893364,124.03528960490985,8722.154200230148,4.039319276912596,-13.005309440849512,191.17070338420706,gwwa,6.61666666666667,44,250,TRUE,-75.0985383,41.2422781
S113666713,1128.2024793388432,145.25403384494297,1282.3002754820939,118.59071231798507,584.8195592286502,145.8266430539158,270.8972845336482,84.72353404171587,154.09779614325066,8779.228453364816,9.175174232132234,0.6442861085838709,184.12545872731917,gwwa,8.21666666666667,124,980.5,TRUE,-79.4159628,39.6795337
G8654272,1120.2094594594596,97.06756756756758,1185.5444307944308,130.72256347256348,806.3974201474201,137.8880016380016,241.37018837018837,58.64086814086814,65.33497133497121,9719.951474201474,13.129187691920889,-40.592572754865216,176.12540192926048,gwwa,11.2333333333333,35,250,TRUE,-81.696497,36.341097
S30475717,1194.1912758154795,35.64447017950203,1346.3790773981855,132.30631152287202,658.794634240494,154.9083188573634,273.033198224281,102.47963713568808,152.18780158270602,8747.187608569773,7.090180437479202,1.7688568105222346,188.9610188195295,gwwa,13.6666666666667,100,804.5,TRUE,-74.2461205,41.208945
S14426801,1060.654313839027,153.13144180660103,1281.62150164061,107.99382358618027,673.7521713954834,147.2638486778614,269.6838448176028,92.31364601428295,220.9671878015829,7241.070642733062,3.4413406312730506,-0.7380179862458119,194.75229438679702,gwwa,7.46666666666667,106,1046,TRUE,-77.951136,40.789936
S114974575,1109.6066323613495,158.3318086525634,1238.7345149609303,118.81265485039073,684.8995616542787,134.61215932914047,256.6060606060606,76.55040975795694,129.12788259958074,9074.909090909094,6.719343206892042,10.340946706388612,173.44779083236804,gwwa,9.41666666666667,25,250,TRUE,-75.1358349,41.4183177
S37957164,1135.0780406807803,-61.27023661270237,1265.8833540888338,127.34952262349523,689.8032378580324,141.94852635948527,255.21585720215856,71.57866334578665,130.8053134080535,8812.589041095891,14.863623139208887,-32.2308303778892,193.15662012027326,gwwa,7.25,150,1006,TRUE,-82.0491397,36.1470008
S57511487,1121.9827117327118,161.7940947940948,1227.2296037296037,129.05827505827506,760.9846542346542,133.67463092463092,257.39860139860144,76.1977466977467,105.24689199689192,8679.53613053613,3.8007182110042077,-2.964824954371993,198.03334439283347,gwwa,18,75,250,TRUE,-75.0242212,41.2439487
S71381117,1054.8484848484848,145.96969696969697,1216.4848484848485,107.15151515151516,671.6969696969697,133.12121212121212,247.03030303030303,66.72727272727273,161.63636363636374,8694.433014354066,12.283757250103477,-18.084672794960923,188.1050458715596,gwwa,6.23333333333333,107,755.5,TRUE,-79.521663,38.533549
S30345381,1098.981971614883,64.4476409666283,1243.3759110088224,122.86421173762945,641.3950901419256,133.2596854622171,257.62984273110857,80.2945914844649,144.3939393939395,8681.895281933255,2.98032578994849,-4.093810560209891,190.2839231938936,gwwa,7.75,105,804.5,TRUE,-75.1081181,41.2319607
S14550220,1133.1775987725355,98.28807057920982,1260.446682009973,136.70195627157653,694.1962025316456,146.3565400843882,266.92750287686994,89.84177215189874,127.2690832374376,8786.203682393556,4.318069172875007,-2.362577783254266,184.65651959576041,gwwa,7,120,402.5,TRUE,-74.5185792,41.0835241
S46922320,1064.3335239184296,136.50562226033924,1213.8381932532877,113.34286258814561,634.4112826376977,122.94377739660759,251.93691633314273,72.98056032018296,149.50466933485814,9416.503144654087,4.985851407467172,-56.732236842105245,179.76714356191405,gwwa,8.25,45,250,TRUE,-77.5097466,41.7527131
S59012156,1092.594286817217,200.84423856398382,1320.4003088206912,105.58425014475971,709.922215788458,154.02219648716468,277.984172939587,98.53696197645243,227.80602200347425,8575.7371163868,5.475311358330383,-17.49270746018441,195.4771088378333,gwwa,6.91666666666667,17,250,TRUE,-77.9247371,40.663051
S70619320,1210.4388185654009,115.0067126965861,1350.753548139624,130.72727272727272,735.4555044112006,157.43517453011125,275.3128116609129,100.95051783659378,140.31472957422307,8615.387226697352,8.695981224568968,-2.085140634083083,189.4198121645796,gwwa,6,130,804.5,TRUE,-74.2300943,41.2299179
S18878434,1031.3618768328447,135.3763440860215,1311.711632453568,96.16539589442816,631.4600195503422,152.3165200391007,273.4279569892473,96.85004887585534,280.3497556207233,7302.5829912023455,5.465553795431614,-1.6048257443896725,193.54763787112773,gwwa,9.25,45,1207,TRUE,-78.011899,40.3593229
S112982998,1178.9986489094767,146.07315190117737,1304.9486585601235,129.83883420189153,769.6164833043813,149.49411310557807,271.9424821463038,91.43794634240493,125.95000965064673,8604.815865662998,5.341281663145532,-1.8831719682052128,186.69799284569135,gwwa,6.08333333333333,175,1408,TRUE,-74.518725,41.08339
S23996485,1048.501554001554,115.00621600621601,1329.4335664335663,100.5588578088578,583.1948329448329,152.69677544677546,277.8682983682984,100.55322455322454,280.93201243201224,8175.484848484849,5.091350984286958,-20.955033557046985,188.33797150041917,gwwa,6.08333333333333,25,250,TRUE,-77.9146957,40.6629312
G4299636,1093.030303030303,156.5151515151515,1223.7272727272727,116.6969696969697,655.2424242424242,133.21212121212122,250.87878787878788,70.33333333333333,130.69696969696975,8241.660130718954,4.1620044392279105,-7.373122759422538,194.54460703556543,gwwa,11.4833333333333,39,716,TRUE,-79.23504,39.5732
S18903271,1090.308469308469,144.6618104118104,1354.9386169386166,118.26243201243201,408.82031857031853,161.88344988344986,283.67560217560214,110.33488733488734,264.6301476301476,7097.34557109557,2.2713366597894087,-9.58131313131313,196.99410774410782,gwwa,9.75,30,250,TRUE,-76.5711021,40.4351888
S37642686,1117.2073474470735,-51.11353258613533,1197.2808219178082,137.05334163553343,815.9852635948527,131.22125363221258,231.50830220008302,57.40099626400997,80.07347447073471,8705.760273972604,15.100209300436529,-42.391045040850514,203.72824930158302,gwwa,11.35,93,965.5,TRUE,-82.0445119,36.1017932
S57431898,1069.8892773892774,193.004662004662,1314.7202797202797,100.21095571095572,702.030303030303,152.4067599067599,271.6689976689977,92.77389277389278,244.8310023310023,7816.636363636364,11.942089152525101,6.748984427894382,218.22150719729046,gwwa,8.9,17,250,TRUE,-78.22858,40.08349
S37647671,1181.874976176863,62.899561654278635,1309.5462168858394,133.7406136840099,684.8736420811891,146.24089956165426,268.8768820278254,94.67733943205641,127.67124070897648,8560.73756432247,4.707233369683767,-5.945558311172202,185.22626624831915,gwwa,7,90,804.5,TRUE,-74.5176727,41.0860108
G2493014,1121.5753588516745,46.084130781499205,1225.9066985645936,122.18660287081342,580.2356459330143,127.03070175438596,245.72328548644336,70.25159489633172,104.33133971291909,8818.970693779906,15.397972253013853,24.982661290322586,187.3661163680289,gwwa,10.633333333333301,38,322,TRUE,-79.5315006,39.1912595
S23962401,1179.1066359800539,64.0452627541235,1330.8212504794783,131.4848484848485,661.1950517836593,155.40487149980822,272.16129650939774,101.987917146145,151.71461449942444,8718.575949367088,5.912550541517066,-17.00706909269732,189.21539218096873,gwwa,14.0333333333333,57,402.5,TRUE,-74.2300943,41.2299179
S46635630,1125.7743014561197,130.8947264856356,1286.857339630067,116.1538764266037,556.1560409287683,143.12947658402203,267.681031090122,84.48583234946874,161.08303817394722,8688.830578512398,12.363447282239514,-11.109691704990633,174.61137602179838,gwwa,10.25,36,250,TRUE,-79.4159628,39.6795337
G3294689,1105.7467670333913,154.76529627485039,1327.2320015441035,109.90773981856785,640.148812970469,150.54352441613585,278.6838448176028,100.48909476934955,221.4852345107122,8195.620729588882,13.65965298374727,-30.434223706176958,175.62560507427804,gwwa,17.9666666666667,45,250,TRUE,-77.7854774,40.9315332
S71123001,1089.9228998849253,169.5233985423859,1350.9173379363253,109.79478327579591,611.2222861526659,151.53068661296507,281.4230916762562,103.17606444188722,260.99443805140004,8489.694476409666,5.6991598863684265,-19.70749663324855,192.4169883592183,gwwa,10.0333333333333,126,804.5,TRUE,-77.699553,40.99491
S57440909,1213.6943015056222,126.24509243377166,1330.1578044596913,138.31865828092245,791.9641700019058,155.74575948160853,272.88107489994286,98.13245664189061,116.4635029540691,8680.060034305317,7.389938438386647,-3.364284397468198,198.04665314401618,gwwa,11.25,50,402.5,TRUE,-74.2379055,41.234391
S70592572,1211.1663807890225,115.49933295216313,1351.6554221459883,130.72727272727272,734.84162378502,157.38212311797218,275.5174385363065,101.25366876310272,140.4890413569658,8583.761006289307,7.885542016762672,-8.389796405043668,187.84923829114865,gwwa,6.5,120,804.5,TRUE,-74.2379055,41.234391
S91132763,1071.712603744451,162.68751206330825,1320.3765682300714,104.54912179116,690.0727658753135,152.21520941903105,274.46149392009266,97.61744836904073,248.66396448562045,7718.603937463811,4.801109510447751,-6.24628678187763,191.14077341361528,gwwa,8.08333333333333,86,648,TRUE,-77.97386,40.76048
S71181396,1166.036114570361,138.68617683686176,1244.6762141967622,133.3520132835201,816.2129514321296,144.06932337069327,255.94396014943965,68.21544209215443,78.64009962640125,9207.51183063512,13.582929036143167,-37.86702204524654,194.22619028502604,gwwa,9.58333333333333,90,804.5,TRUE,-82.0491397,36.1470008
S70582001,1012.2840664711631,144.9984359726295,1358.3038123167155,92.697165200391,519.4250244379276,151.24398826979473,285.7966764418377,101.55405669599216,346.0197458455524,8419.25513196481,7.0717438274118285,-22.091714967609953,194.01618467566763,gwwa,19.3,54,486.5,TRUE,-78.666544,39.765397
G2520686,1194.048714998082,52.29478327579593,1342.6536248561563,131.98388952819332,679.7180667433831,154.24626006904487,271.86536248561566,101.38895281933256,148.60490985807428,8709.062715765249,4.696338121455147,-22.97676348547718,188.79538665781615,gwwa,8.4,70,250,TRUE,-74.2300943,41.2299179
S113290145,1195.121212121212,116.87878787878788,1341.909090909091,127.60606060606061,758.0909090909091,156.84848484848484,275.24242424242425,98.66666666666667,146.78787878787898,8639.504921829763,7.571229100411968,1.887902024966054,184.29570886956068,gwwa,7.5,120,1207,TRUE,-74.2707502,41.1944658
S58175499,1119.1996891996894,165.4048174048174,1226.6322843822845,128.37179487179486,752.2729215229215,133.66161616161614,257.24689199689203,76.21814296814297,107.43259518259515,8716.483100233101,5.287057913427492,-11.504480584135413,195.28715992037164,gwwa,9.48333333333333,23,250,TRUE,-75.0991945,41.2439511
G6157677,1234.4985667485669,304.51310401310405,1311.4219901719903,138.0773955773956,1096.5077805077806,161.8450040950041,281.6408681408681,87.57964782964783,76.9234234234234,7086.063267813269,9.940542202520476,-1.1953208082240336,206.5345377258236,gwwa,9.5,17,250,TRUE,-83.4793,36.87607
S18855290,1124.3612750885477,83.83667847304211,1278.0983864620225,117.0035419126328,522.7682014954742,145.10074773711136,264.65289256198344,85.41401023219204,153.73711137347482,7954.121015348288,7.646336216852926,1.33356070941337,194.6178778573866,gwwa,13.8333333333333,10,250,TRUE,-79.659977,39.5562397
S91414388,1258.5949288806432,299.104514533086,1323.8736343022058,148.46691403834262,1162.1768707482995,163.1962481962482,278.568130282416,84.47165532879819,65.27870542156256,8177.078540507113,20.775789260022993,32.75553139708698,192.88577429118533,gwwa,8.13333333333333,49,1287.5,TRUE,-84.3004491,36.2668268
S24005323,1172.64499424626,66.17721518987342,1313.1085538933642,133.33237437667816,649.6263904871499,149.53548139624087,271.11833525124666,97.65132336018414,140.46355964710415,8348.594361334868,4.373395707366691,-0.15484311947106294,193.5778543074213,gwwa,7.48333333333333,24,1207,TRUE,-74.4514275,41.0675748
S57538627,1128.6488533988534,156.92710892710892,1220.301801801802,121.44164619164619,819.8906633906635,139.03030303030303,254.5432022932023,67.70659295659297,91.6529484029486,8897.96805896806,17.802640651201283,30.37182448036952,152.23235555555559,gwwa,7.11666666666667,6,250,TRUE,-81.2618916,36.6678577
S18964710,1091.5912975912975,105.56099456099453,1295.7618492618492,110.28205128205127,485.4448329448329,143.37801087801088,268.00699300699296,88.28632478632477,204.17055167055173,8744.638694638694,12.227659648271256,-3.8984368124869806,184.96757788255786,gwwa,15.65,25,1448.5,TRUE,-79.5125735,39.8595468
S14568072,1149.4894225271585,93.07146941109205,1291.850962454736,134.3783114160473,692.492281303602,154.2765389746522,269.91137793024586,96.43548694492091,142.3615399275775,8871.049170954831,7.849900420966059,-7.5963108486459765,188.93139283363115,gwwa,10.5,90,643.5,TRUE,-74.2379055,41.234391
S19063547,1121.5097813578825,111.80648254698886,1282.7746451860376,124.86843114691213,637.3711162255465,144.38895281933256,273.4831223628692,94.67990026850785,161.26486382815506,8987.292289988492,3.7186322582219957,-26.27641196013289,193.85716658362395,gwwa,14.8333333333333,1,250,TRUE,-74.8476648,41.1881335
S57848227,1128.6488533988534,156.92710892710892,1220.301801801802,121.44164619164619,819.8906633906635,139.03030303030303,254.5432022932023,67.70659295659297,91.6529484029486,8897.96805896806,18.095893969656245,31.966405972271602,151.47965167940288,gwwa,6.65,8,250,TRUE,-81.2617702,36.6677027
S113306251,1074.4431576915651,157.8550472881683,1336.9247249565722,103.20575178536961,678.1188959660298,155.86025863732868,278.2333526346265,101.45126423470373,262.481567265007,8742.533294730747,6.740390763988705,-14.024196550440506,195.45413356504469,gwwa,10,60,402.5,TRUE,-77.8984398,40.6752251
G2509707,1061.595571095571,105.14432789432787,1339.8766511266513,101.45182595182594,612.565268065268,152.0561383061383,277.59770784770785,101.5716783216783,278.28108003108036,8338.102564102563,4.9556379756925555,-15.447295696802207,193.70407257666895,gwwa,5.68333333333333,60,322,TRUE,-77.925682,40.66153
S38101861,1046.0782333135276,80.51653792830264,1289.4089918795803,99.61002178649237,539.4190928896811,139.5393147157853,261.78867102396515,84.09883145177263,243.33075856605274,7357.0510992275695,5.550354617489765,-3.1172353215667976,192.00189414735922,gwwa,13.5,25,603.5,TRUE,-78.9539337,39.601191300000004
S70541502,1047.6828934506354,155.7194525904203,1282.4215053763442,101.71769305962854,597.5736070381231,143.6899315738025,265.1816226783969,82.3702834799609,234.7386119257087,8085.820527859237,5.747006495156891,24.31536755927,209.1061977121394,gwwa,13.3333333333333,6,250,TRUE,-79.041748,39.56236
S70567361,1137.5219542362402,145.24984539270255,1203.6493506493507,133.07730364873223,842.9202226345084,139.09461966604826,243.19789734075448,60.749536178107604,66.12739641311055,9393.120593692023,16.77971372669015,-12.1930202661827,175.6534492534492,gwwa,10.3166666666667,85,528,TRUE,-81.6962952,36.3407827
G4359699,1095.3540669856461,128.3871610845295,1188.3000398724084,123.01236044657098,555.0105661881978,134.2689393939394,240.90011961722487,62.60227272727272,92.94597288676232,10074.197966507178,9.438887038994975,-43.95482044021111,195.17399137764616,gwwa,10.5833333333333,30,402.5,TRUE,-80.090899,38.354369
S114485570,1111.651225632117,157.61918548542752,1246.111175448755,118.76278710673614,681.3221385832851,136.2763945184327,259.7083574599498,78.51129125651418,134.45994981663785,8665.93514765489,3.280981897674023,3.487027465288335,194.58790220420573,gwwa,10.1666666666667,140,871,TRUE,-75.0262356,41.3616071
S90944830,1132.9612581511317,179.74760260836212,1241.5941695435367,125.2788645953203,698.3751438434983,136.23245109321059,259.9946298427311,78.17683160721135,108.63291139240505,8616.542002301494,4.216325580033429,4.825720935606872,195.69778877887794,gwwa,5.43333333333333,60,764.5,TRUE,-75.0028534,41.3782883
S38276903,1026.7610062893082,102.27787307032591,1240.1783876500858,107.6721936344578,520.0811892510005,125.0003811701925,255.89574995235373,77.66647608157044,213.41738136077765,9078.794168096054,5.325121017694125,-40.20321231182632,199.15529088410443,gwwa,16.85,77,563.5,TRUE,-77.357134,41.7764266
S24108561,1062.9480245492903,119.68968162639051,1306.0235903337168,104.1192942079018,619.2044495588799,147.69428461833525,270.5646336785577,94.7355197545071,243.07556578442654,7485.553509781357,6.628127253798477,-9.381024096385543,189.60174175180043,gwwa,14.5,90,250,TRUE,-77.9688424,40.7556965
S37656614,1068.543275896217,75.53832442067736,1298.3784907902555,103.09665280253513,539.1994454347395,142.7561893444246,266.26698356110114,86.78352148940382,229.83521489403847,8733.140819964348,8.880964472903544,3.8520908458277994,200.7216599190283,gwwa,6.53333333333333,30,402.5,TRUE,-79.124383,39.456052
S113008761,1078.698787878788,164.23232323232324,1239.135757575758,106.3759595959596,656.5371717171719,138.57535353535354,258.4460606060606,73.14323232323234,160.43696969696998,9219.516363636365,10.983546104794264,1.108352144469526,209.0053838138243,gwwa,11,15,250,TRUE,-79.626649,38.312097
S14430564,1055.6469793476163,151.7257286238178,1276.0673615132214,107.17911600077205,679.385639837869,146.66068326577883,268.72572862381776,90.77977224474039,220.42038216560513,7621.468442385639,4.80375114486146,-6.48911900331688,190.94752736881844,gwwa,19.1666666666667,100,603.5,TRUE,-77.97386,40.76048
S70876149,1074.4363636363637,181.7151515151515,1371.0848484848484,102.41818181818181,631.9636363636363,165.55151515151513,285.7212121212121,106.61818181818181,296.6484848484847,7115.730791788856,7.1005616136783285,-28.96902127659575,199.99914850136244,gwwa,6.55,41,250,TRUE,-77.940617,39.706978
S30430343,1179.904296125815,48.40391254315304,1310.7380130418107,133.53893364019945,673.4553126198696,147.2692750287687,269.6532412734944,95.56098964326812,130.83371691599564,8563.728998849252,5.524269663959789,0.3535019949491177,183.97429805292816,gwwa,6.25,120,804.5,TRUE,-74.5184087,41.0814671
S90687370,1145.619294207902,178.0999232834676,1242.3665132336018,129.24261603375524,761.4108170310701,136.03586497890296,261.69083237437667,78.00556194859992,96.7472190256999,8729.909666283083,3.5969773085152985,0.5073669369051822,194.77177078440582,gwwa,7.45,90,643.5,TRUE,-75.0843966,41.2114312
G5475270,1052.8363636363636,159.06627565982404,1341.6334310850439,98.46412512218963,679.9724340175953,157.29990224828933,277.9599217986314,100.11358748778103,288.7970674486803,7441.173020527858,4.7991353289397,-6.695046975221566,194.49032515636782,gwwa,8.28333333333333,26,1046,TRUE,-78.0073795,40.3825243
S90931898,1091.7451334537427,142.3792895845876,1286.3447722255667,105.89323700581978,669.8057395143488,144.08027292795506,267.2763395544852,81.48324302628939,194.59963877182395,9366.07043949428,19.779220386012557,38.89593169911391,184.09649689762148,gwwa,5.8,15,402.5,TRUE,-79.7667812,38.0511545
S113131039,1079.2810268287974,153.93572669368845,1331.0559737502415,105.20922601814321,685.2015055008685,153.31094383323685,275.78266743871836,100.09361127195521,251.7749469214441,7277.8760856977415,3.5221921931302704,-1.52308744726941,194.60125396954646,gwwa,7.8,65,773,TRUE,-77.951136,40.789936
S57759054,1061.3335313923549,178.48722519310755,1265.3121410180233,102.46900376312139,626.3776985541692,141.39770251534958,262.4234501881561,79.705486234898,203.97860962566847,7432.667855020797,6.6013936752830205,-9.290477763955836,193.1835647855706,gwwa,7.06666666666667,55,1006,TRUE,-78.9539337,39.601191300000004
S71571108,1137.840553182835,145.27415090502342,1204.4356314826114,132.97478137075453,841.22615415904,139.23184868822455,243.51881228391298,60.93959731543625,66.59507829977633,9385.48932275778,16.930830918457676,7.262924607029015,170.58494205852978,gwwa,10.4833333333333,37,869,TRUE,-81.6969448,36.3426904
S46600912,1111.3356793743892,138.83088954056697,1266.0973607038122,114.60703812316716,558.9163245356793,138.6871945259042,258.74682306940366,79.6039100684262,154.76168132942303,8421.736656891495,6.852903745071183,-7.564554108049331,191.55777466479887,gwwa,11.5,90,1207,TRUE,-79.3357247,40.0907373
G6229974,1054.6899920255182,146.03648325358853,1217.3919457735246,107.05582137161085,669.2637559808613,133.29066985645935,247.33931419457733,66.92862838915471,162.70195374800642,8425.124401913876,10.175408801683318,-21.890372878197265,201.62265469681907,gwwa,14,120,804.5,TRUE,-79.539299,38.5243628
S58488036,1042.6628537025888,131.3403572145294,1223.863937387116,102.0598033313265,630.6393738711619,134.1260284968894,250.65522777443306,69.13164760184627,181.20108368452725,9010.459963877183,9.410977414642865,-21.29965277777778,178.80426490984746,gwwa,9.75,20,250,TRUE,-79.600959,38.404897
G8716434,1139.3582662063675,163.07748369773688,1267.584196394323,123.41772151898734,733.5772919064058,139.28001534330647,267.0007671653241,82.963943229766,128.22593018795556,8790.344073647871,3.150075545507939,-8.668994181213632,193.31111849759017,gwwa,10.3333333333333,17,250,TRUE,-75.1350391,41.1568081
G651467,1002.4545454545455,77.9090909090909,1206.3030303030303,101.24242424242425,566.9090909090909,131.96969696969697,244.72727272727272,68.21212121212122,203.84848484848476,8532.5,8.72278420521399,-27.953625194670355,177.61498529157296,gwwa,9.65,51,250,TRUE,-79.5213774,38.5344286
G1820916,1144.3333333333333,87.87878787878788,1248.6666666666667,137.75757575757575,593.8787878787879,132.93939393939394,249.93939393939394,78.48484848484848,104.33333333333348,8710.239355581127,3.9792511952236946,5.196188940213342,188.99336465473414,gwwa,5.88333333333333,104,1046,TRUE,-75.850031,41.160125
S90243695,1072.090909090909,164.3030303030303,1208.4242424242425,108.93939393939394,684,132.78787878787878,246.8181818181818,66.18181818181819,136.33333333333348,8746.418894830658,9.000770475858316,-26.33366204127633,181.7341174813354,gwwa,10.7,31,384.5,TRUE,-79.5219055,38.5342741
S30399128,1122.1504914004915,-65.74856674856674,1229.159090909091,127.65090090090091,729.9015151515152,138.0321457821458,243.7497952497952,64.54565929565929,107.00859950859945,9000.234029484029,12.725856494411243,-40.31935023205998,177.6014635016955,gwwa,10.633333333333301,15,250,TRUE,-81.6961143,36.3408293
S91924117,1206.3293625914318,86.62591431556949,1250.0004179728319,167.34440961337515,752.8083594566353,141.0221525600836,250.38160919540235,62.54879832810869,43.67105538140004,8259.337931034486,18.907398490800333,31.412320053565452,187.5884952789125,gwwa,6.7,62,402.5,TRUE,-82.7487425,35.4152569
S24135075,1179.5765199161426,64.28778349533067,1331.7307032590052,131.4848484848485,660.6266437964551,155.35182008766918,272.3659233847913,102.29864684581666,152.15418334286255,8688.995997712978,7.749306410796996,-4.500688082412614,193.89562276320447,gwwa,9.36666666666667,3,500,TRUE,-74.2379055,41.234391
G1342696,1068.9395869523257,120.81065431383904,1310.697934761629,105.10943833236827,615.6546998648909,148.01582706041305,271.35282763945185,95.94441227562247,241.75834780930336,7220.655471916617,3.503528761148324,-1.346102463261232,194.4956992959754,gwwa,9.5,150,804.5,TRUE,-77.951136,40.789936
S30300202,1045.0680351906158,59.97321603128054,1344.369696969697,98.5290322580645,579.8146627565982,153.03206256109482,278.3347018572825,102.16207233626588,299.3016617790813,8030.414662756599,3.931459467155695,15.468671258189152,196.48269489247306,gwwa,7.13333333333333,60,250,TRUE,-78.0071998,40.53494
G1823576,1027.3061992473756,40.43751237868885,1291.471182412359,97.27609427609428,508.9920776391365,140.31550802139037,262.6078431372549,85.1729055258467,264.16498316498337,7310.66191325015,5.654771356067025,-7.227905767966613,193.16665138035404,gwwa,9.16666666666667,120,804.5,TRUE,-78.9539337,39.601191300000004
S37645752,1046.0782333135276,80.51653792830264,1289.4089918795803,99.61002178649237,539.4190928896811,139.5393147157853,261.78867102396515,84.09883145177263,243.33075856605274,7357.0510992275695,6.738760486151273,-9.246056061705499,193.33177679981188,gwwa,8.26666666666667,173,1207,TRUE,-78.9539337,39.601191300000004
S90524472,1007.4132575757577,190.32859848484847,1249.4568181818183,103.66003787878788,502.38087121212124,130.71363636363634,259.0214015151515,78.40776515151516,242.04356060606062,8058.071590909091,7.513287044066555,-6.061487885060268,178.80790066346088,gwwa,10.75,151,402.5,TRUE,-77.1374278,41.8146784
G5466216,1166.036114570361,138.68617683686176,1244.6762141967622,133.3520132835201,816.2129514321296,144.06932337069327,255.94396014943965,68.21544209215443,78.64009962640125,9207.51183063512,13.582929036143167,-37.86702204524654,194.22619028502604,gwwa,9.11666666666667,126,804.5,TRUE,-82.0491397,36.1470008
S46759581,1199.2307985515533,68.67886411282637,1336.504859919954,132.78787878787878,738.9982847341337,155.51896321707642,272.92605298265676,100.1618067467124,137.27406136840068,8630.808461978273,8.33163893237503,-5.656833257797369,188.3271324536737,gwwa,15.2833333333333,98,965.5,TRUE,-74.2379055,41.234391
S92011177,1136.813195243575,178.17376294591486,1232.9121595703873,128.17337936325276,751.1864211737628,135.1603375527426,259.58112773302645,76.32451093210585,96.09896432681239,8758.71576524741,1.696732201695357,-5.878858280783274,190.65609958506224,gwwa,16.75,5,250,TRUE,-75.1090299,41.2312788
S18935165,1081.9040404040406,152.80167055167055,1338.9729992229993,109.98115773115772,576.8906371406372,154.85003885003886,281.42171717171715,105.59479409479411,257.06895881895866,7466.587995337995,3.979542252055103,-8.832779090238803,192.6132099601294,gwwa,6,30,804.5,TRUE,-77.3500321,40.6351381
S25905361,1105.667496886675,-26.57866334578663,1213.9215442092152,135.93524283935244,768.2249896222501,140.88875051888752,252.45703611457034,67.52262349522624,108.25404732254015,8881.950186799504,14.807053164602529,-32.39839075716939,193.29910571537613,gwwa,15,180,1000,TRUE,-82.0491397,36.1470008
S58563625,1167.2328767123288,107.87297633872976,1241.6164383561645,135.41303445413035,823.9672063096721,143.43254462432543,254.82274802822747,67.61145703611456,74.38356164383572,9174.389788293896,15.245368725701043,-30.973012193513124,192.24583290146902,gwwa,6.83333333333333,128,1046,TRUE,-82.0491397,36.1470008
S37849482,1066.2275622466705,103.02740783632503,1327.3792704111174,102.96043234896737,627.108280254777,149.65064659332177,273.20324261725534,98.26288361320208,261.151708164447,8395.095541401273,5.961361138140728,-7.3037524236779054,191.34377210126468,gwwa,8.25,20,1126.5,TRUE,-77.8984398,40.6752251
G3290346,1091.9558712121213,115.43238636363635,1248.8325757575758,117.88655303030305,575.066856060606,135.26458333333335,260.62159090909086,81.66628787878788,156.87670454545446,9020.960795454546,5.098365361450344,-5.355117918355193,189.6064887942162,gwwa,6.65,137,1448.5,TRUE,-75.097092,41.556932
S70639119,1057.9627039627042,174.0483682983683,1343.2173659673663,101.22086247086249,664.0670163170164,155.90675990675993,279.9609557109558,102.05477855477857,285.2546620046621,8382.165501165502,6.026895895891699,-22.31906711326138,192.42434394193188,gwwa,13.133333333333301,50,402.5,TRUE,-77.934019,40.666413
